1 река Сейм ул.50 лет Октября;51,7769284938919;36,1190128326416;Автобус;667
2 с/о Курск ул.50 лет Октября;51,773026;36,124492;Автобус;667
3 с/о Курск ул.50 лет Октября;51,772629;36,124436;Автобус;667
4 Авторынок ул.50 лет Октября;51,7620598031652;36,1321663856506;Автобус;667
5 Авторынок ул.50 лет Октября;51,7621361675155;36,1323273181915;Автобус;667
6 Медстекло ул.50 лет Октября;51,7599779948166;36,125568151474;Автобус;667
7 Медстекло ул.50 лет Октября;51,760084245733;36,1253428459167;Автобус;667
8 Авторынок ул.50 лет Октября;51,7614787658347;36,1311793327332;Автобус;667
9 Авторынок ул.50 лет Октября;51,7616580581515;36,1312007904053;Автобус;667
10 ПАТП ул.50 лет Октября;51,7575872830958;36,1351329088211;Автобус;667
11 ПАТП ул.50 лет Октября;51,7579890643308;36,1351865530014;Автобус;667
12 ул.Гремяченская ул.Гремяченская;51,7562324902672;36,1074149608612;Автобус;667
13 ул.Гремяченская ул.Гремяченская;51,7558805031256;36,1068785190582;Автобус;667
14 СЧПУ ул.Гремяченская;51,7568301979961;36,1216306686401;Автобус;667
15 СЧПУ ул.Гремяченская;51,7562922613961;36,1230146884918;Автобус;667
16 ул.Пучковка ул.50 лет Октября;51,7538415802383;36,1376702785492;Автобус;667
17 ул.Пучковка ул.50 лет Октября;51,7542865647473;36,1377024650574;Автобус;667
18 Автовокзал ул.50 лет Октября;51,7497501739109;36,1406099796295;Автобус;417
19 Автовокзал ул.50 лет Октября;51,7500158608985;36,1407226324081;Автобус;417
20 ул.Планерная ул.50 лет Октября;51,7465950214629;36,1426913738251;Автобус;667
21 ул.Планерная ул.50 лет Октября;51,7470732903207;36,142852306366;Автобус;667
22 пр.Дружбы ул.50 лет Октября;51,7449110762267;36,1445635557175;Автобус;417
23 пр.Дружбы ул.50 лет Октября;51,744316532245;36,1449176073074;Автобус;417
24 ул.Запольная ул.50 лет Октября;51,7422405491658;36,1470365524292;Автобус;417
25 ул.Запольная ул.50 лет Октября;51,7416924737169;36,1496597528458;Автобус;417
26 ЮЗГУ ул.50 лет Октября;51,7392476440773;36,1496812105179;Автобус;417
27 ЮЗГУ ул.50 лет Октября;51,7392609315524;36,1500459909439;Автобус;417
28 ул.Аэродромная ул.50 лет Октября;51,7354074000258;36,1530125141144;Автобус;667
29 ул.Аэродромная ул.50 лет Октября;51,7344605769068;36,1542946100235;Автобус;667
30 ул.Бойцов 9-й дивизии ул.50 лет Октября;51,7317628527925;36,1553460359573;Автобус;417
31 ул.Бойцов 9-й дивизии ул.50 лет Октября;51,7324838120722;36,1555337905884;Автобус;417
32 ул.Бойцов 9-й дивизии ул.Бойцов 9-й дивизии;51,7313375810968;36,1544930934906;Автобус;667
33 ул.Бойцов 9-й дивизии ул.Бойцов 9-й дивизии;51,731576796918;36,154927611351;Автобус;667
34 ул. Зеленая ул.50 лет Октября;51,729914;36,156855;Автобус;417
35 ул.Большевиков ул.50 лет Октября;51,7271577447953;36,1596322059631;Автобус;417
36 ул.Большевиков ул.50 лет Октября;51,726958378876;36,1605817079544;Автобус;417
"37 м-н ""Колос"" ул.50 лет Октября";51,7226551834989;36,164116859436;Автобус;417
"38 м-н ""Колос"" ул.50 лет Октября";51,7234859481011;36,163923740387;Автобус;417
39 ул.50 лет Октября ул.50 лет Октября;51,7208839424008;36,1663538217545;Автобус;417
40 ул.Пирогова ул.Пирогова;51,7223826893848;36,1542141437531;Автобус;667
41 12-я Суворовский пер. ул.Суворовская;51,7243698648759;36,1506414413452;Автобус;667
42 ул.Орловская ул.Орловская;51,7473589206957;36,1348861455917;Автобус;417
43 ул.Орловская ул.Орловская;51,747524984037;36,1345911026001;Автобус;417
"44 Спортивный комплекс ""Арена"" ул.Орловская";51,7455355050569;36,1313992738724;Автобус;417
"45 Спортивный комплекс ""Арена"" ул.Орловская";51,7461101048124;36,1319088935852;Автобус;417
46 проезд Сергеева ул.Орловская;51,7447450032763;36,1285132169724;Автобус;417
47 проезд Сергеева ул.Орловская;51,7449509336439;36,1285346746445;Автобус;417
48 По требованию ул.Орловская;51,742655;36,125487;Автобус;417
49 Крутой лог ул.Орловская;51,742137577922;36,1222690343857;Автобус;417
50 Крутой лог ул.Орловская;51,7418950963241;36,1218988895416;Автобус;417
51 1-й Северо-западный м/р-н пр.Дружбы;51,7377594221371;36,1243611574173;Автобус;667
52 1-й Северо-западный м/р-н пр.Дружбы;51,7377594221371;36,1243611574173;Автобус;667
53 Школа №54 пр.Дружбы;51,7388822369801;36,1269414424896;Автобус;417
54 Школа №54 пр.Дружбы;51,7392144253724;36,1285185813904;Автобус;417
"55 к/т ""Сказка"" пр.Дружбы";51,74118425236;36,1347037553787;Автобус;417
"56 к/т ""Сказка"" пр.Дружбы";51,7408753307025;36,1327993869781;Автобус;417
57 ул.Веспремская пр.Дружбы;51,7423767365793;36,1383783817291;Автобус;417
58 ул.Веспремская пр.Дружбы;51,7424564558505;36,1375951766968;Автобус;417
59 пр.Дружбы пр.Дружбы;51,7439378800442;36,1421227455139;Автобус;417
"60 ТЦ ""Европа"" пр.Дружбы";51,7416094314023;36,1351275444031;Автобус;417
"61 к/т ""Сказка"" пр.Энтузиастов";51,740230906683;36,1341297626495;Автобус;417
62 ул.Студенческая пр.Энтузиастов;51,73815805782;36,1363559961319;Автобус;417
63 ул.Студенческая ул.Косухина;51,7373906809995;36,1360824108124;Автобус;417
64 Торговый центр ул.Косухина;51,7362113535573;36,1347413063049;Автобус;417
65 Торговый центр ул.Косухина;51,7357994122122;36,1335396766663;Автобус;417
66 Школа ул.Косухина;51,7339157293483;36,1317479610443;Автобус;417
67 ул.Косухина ул.Косухина;51,732527002816;36,1311846971512;Автобус;417
68 ул.Косухина ул.Косухина;51,7324107199502;36,1304926872253;Автобус;417
69 Стройгигант ул.Косухина;51,7274866966399;36,1220705509186;Автобус;667
70 Майский бульвар Майский бульвар;51,7294769703801;36,1354279518127;Автобус;417
71 Майский бульвар Майский бульвар;51,7293839378338;36,1352348327637;Автобус;417
72 ул.Студенческая пр.Хрущева;51,7374239010451;36,1360394954681;Автобус;417
"73 ТЦ ""Бумеранг"" пр.Хрущева";51,7366598338169;36,137278676033;Автобус;417
"74 ГМ ""Европа"" пр.Хрущева";51,7338359950083;36,1397141218185;Автобус;417
"75 ГМ ""Европа"" пр.Хрущева";51,7336964595749;36,1402451992035;Автобус;417
76 пр.Хрущева пр.Хрущева;51,7322346338982;36,1411303281784;Автобус;417
77 Сельскохозяйственный рынок пр.Хрущева;51,7299022595821;36,1431473493576;Автобус;417
78 Сельскохозяйственный рынок пр.Хрущева;51,7301348379219;36,1433190107346;Автобус;417
79 Аллея подводников ул.Бойцов 9-й дивизии;51,7283173724616;36,1418277025223;Автобус;417
80 Аллея подводников ул.Бойцов 9-й дивизии;51,7283838258679;36,1428254842758;Автобус;417
81 м/р-н Родники пр.Клыкова;51,725075;36,139735;Автобус;417
82 м/р-н Родники пр.Клыкова;51,725332;36,13848;Автобус;417
83 пр.Клыкова пр.Клыкова;51,7232799199032;36,1363506317139;Автобус;417
84 пр.Клыкова пр.Клыкова;51,7228678606908;36,1365920305252;Автобус;417
85 Юго-Западный м/р-н пр.Клыкова;51,7203256381415;36,1343228816986;Автобус;417
86 Юго-Западный м/р-н пр.Клыкова;51,7211797079353;36,1352562904358;Автобус;417
87 Филиал Детская поликлиника №7 пр.Клыкова;51,7170620789003;36,1342746019363;Автобус;417
88 Филиал Детская поликлиника №7 пр.Клыкова;51,7182618464885;36,1348164081573;Автобус;417
89 Перинатальный центр пр.Клыкова;51,7143334030719;36,1348915100098;Автобус;667
90 пр.Клыкова, 81 пр.Клыкова;51,718124;36,126229;Автобус;417
91 пр.Клыкова, 81 пр.Клыкова;51,7176868925859;36,1258417367935;Автобус;417
92 пр.Н. Плевицкой пр.Н. Плевицкой;51,7181754376982;36,1189484596252;Автобус;417
"93 ТЦ ""Бумеранг"" ул.Студенческая";51,7375999668793;36,1375308036804;Автобус;417
94 ул.Студенческая ул.Студенческая;51,7384171691281;36,139805316925;Автобус;417
95 ул.Студенческая ул.Студенческая;51,737872369271;36,137638092041;Автобус;417
96 ул.Студенческая, 3 ул.Студенческая;51,7399485530571;36,1444938182831;Автобус;417
97 ул.Студенческая, 3 ул.Студенческая;51,7400980346082;36,1444991827011;Автобус;417
98 ул.Запольная ул.Запольная;51,7416924737169;36,1496597528458;Автобус;417
99 ул.Запольная ул.Запольная;51,7420910747027;36,1476749181747;Автобус;417
100 Поликлиника №5 ул.Запольная;51,7426158939708;36,1522722244263;Автобус;417
101 Поликлиника №5 ул.Запольная;51,7427221857384;36,1520254611969;Автобус;417
102 ул.Скорятина ул.Запольная;51,7436954081085;36,1580443382263;Автобус;667
103 ул.Скорятина ул.Запольная;51,7436522280382;36,1567568778992;Автобус;667
104 Детская поликлиника ул.Запольная;51,7445357504896;36,1634624004364;Автобус;667
105 Детская поликлиника ул.Запольная;51,7447748964524;36,164116859436;Автобус;667
106 ул.В.Луговая ул.Запольная;51,7456783253318;36,1676788330078;Автобус;667
107 ул.В.Луговая ул.Запольная;51,7463127076077;36,1691755056381;Автобус;667
108 ул.1-я Пушкарная ул.Красный Октябрь;51,7531707744084;36,1834448575974;Автобус;417
109 ул.Никитская ул.Красный Октябрь;51,7545787909949;36,1883586645126;Автобус;417
110 ул.Пучкова ул.Пучкова;51,7552296517504;36,1404168605804;Автобус;667
111 ул.Пучковка ул.Пучкова;51,755149955019;36,1378955841064;Автобус;667
112 Техникум ул.Пучкова;51,756166077809;36,1461567878723;Автобус;667
113 Техникум ул.Пучкова;51,7562789789299;36,1448907852173;Автобус;667
114 Дом ребенка ул.Пучкова;51,7564881773195;36,1501747369766;Автобус;667
115 Дом ребенка ул.Пучкова;51,7569829442577;36,1516070365906;Автобус;667
116 Школа №14 ул.Пучкова;51,757394692476;36,1543053388596;Автобус;667
117 Школа №14 ул.Пучкова;51,7577400267964;36,1548793315887;Автобус;667
118 ул.Нижняя Казацкая ул.Пучкова;51,7586830416802;36,1577063798904;Автобус;667
119 ул.Нижняя Казацкая ул.Кавказская;51,7591080560345;36,1595034599304;Автобус;667
120 ул.2-я Орловская ул.Нижняя Казацкая;51,7658944620127;36,1523258686066;Автобус;667
121 Казачий лог ул.Кавказская;51,7612729108151;36,1641705036163;Автобус;417
122 Казачий лог ул.Кавказская;51,7613857991679;36,16375207901;Автобус;417
123 ул.Кавказская ул.Кавказская;51,7622291326373;36,1684942245483;Автобус;417
124 ул.Кавказская ул.Кавказская;51,7624881058956;36,1683762073517;Автобус;417
125 ул.Кавказская (напротив дома №48 по ул. Институская) ул.Кавказская;51,7643871977336;36,1771845817566;Автобус;417
126 75 лет Курской области ул.Кавказская;51,7638725915772;36,1750334501266;Автобус;417
127 75 лет Курской области ул.Кавказская;51,7641083151253;36,1753982305527;Автобус;417
128 По требованию ул.Кавказская;51,762556;36,173332;Автобус;417
129 СХА ул.Кавказская;51,7650976765933;36,1836969852448;Автобус;417
130 ул.Понизовка ул.Понизовка;51,7733370865001;36,1516714096069;Автобус;667
131 Учхоз СХА ул.Понизовка;51,7783025797139;36,1499762535095;Автобус;667
132 Учхоз СХА ул.Понизовка;51,7779839548439;36,1501961946487;Автобус;667
133 По требованию ул.Тропинка;51,780961;36,161601;Автобус;667
134 По требованию ул.Тропинка;51,78125;36,16108;Автобус;667
135 пов. на Учхоз ул.Тропинка;51,782666;36,173543;Автобус;667
136 п.Косиново ;51,8007699148412;36,1354601383209;Автобус;667
137 Кладбище Некрополь ул.Карла Маркса;51,7942176834109;36,1631619930267;Автобус;667
138 Северное кладбище ул.Карла Маркса;51,7968851370843;36,1589670181274;Автобус;667
139 Северное кладбище ул.Карла Маркса;51,7971770876077;36,1589133739471;Автобус;667
140 Новое кладбище ул.Карла Маркса;51,792119;36,166055;Автобус;667
141 Новое кладбище ул.Карла Маркса;51,792121;36,16613;Автобус;667
142 Областное ГИБДД ул.Карла Маркса;51,7917425168629;36,168966293335;Автобус;667
143 Областное ГИБДД ул.Карла Маркса;51,791669520613;36,1687302589417;Автобус;667
144 п.Северный пр.им. А.Дериглазова;51,8218268158658;36,1605441570282;Автобус;417
145 с/о Фестивальное пр.им. А.Дериглазова;51,8169556497683;36,1622875928879;Автобус;417
146 с/о Фестивальное пр.им. А.Дериглазова;51,81643;36,162838;Автобус;417
147 4-й микрорайон пр.им. А.Дериглазова;51,8133707452928;36,1633658409119;Автобус;417
148 4-й микрорайон пр.им. А.Дериглазова;51,8134503392371;36,1636233329773;Автобус;417
149 Бульвар пр.им. А.Дериглазова;51,8099016393102;36,1638808250427;Автобус;417
150 Бульвар пр.им. А.Дериглазова;51,8102664718153;36,1641383171082;Автобус;417
151 пр.Дериглазова пр.им. А.Дериглазова;51,8046079190553;36,1640954017639;Автобус;417
152 пр.Дериглазова пр.им. А.Дериглазова;51,804641089664;36,1643421649933;Автобус;417
153 ул.Кирпичная ул.Карла Маркса;51,7995590678406;36,165919303894;Автобус;667
154 ул.Кирпичная ул.Карла Маркса;51,7993202119896;36,165736913681;Автобус;667
155 ККПФ ул.Карла Маркса;51,796248147563;36,1668312549591;Автобус;667
156 ККПФ ул.Карла Маркса;51,7962813243227;36,167174577713;Автобус;667
157 Сады ул.Карла Маркса;51,7125718074756;36,1236691474915;Автобус;667
158 Сады ул.Карла Маркса;51,712791179724;36,1230897903442;Автобус;667
159 ГИБДД ул.Карла Маркса;51,7920743165098;36,1664235591888;Автобус;667
160 ГИБДД ул.Карла Маркса;51,7917956049705;36,1663055419922;Автобус;667
161 Триумфальная арка пр.Победы;51,7881854713037;36,1694920063019;Автобус;667
162 Кратодром ул.Карла Маркса;51,7871833425244;36,1713856458664;Автобус;667
163 ул.Тропинка пр.Победы;51,7833869971598;36,1722815036774;Автобус;667
164 ул.Тропинка ул.Карла Маркса;51,7832575706637;36,1737567186356;Автобус;667
165 пр.Победы пр.Победы;51,7802806587718;36,1741214990616;Автобус;417
166 Знаменская роща пр.Победы;51,7768222826177;36,1761224269867;Автобус;417
167 Знаменская роща ул.Карла Маркса;51,7782328807158;36,1766910552979;Автобус;417
168 Метеостанция пр.Победы;51,7744025893069;36,1776673793793;Автобус;417
169 Метеостанция ул.Карла Маркса;51,7746083844582;36,1789065599442;Автобус;417
170 Дальние парки ул.Карла Маркса;51,7706947965484;36,1807948350906;Автобус;417
171 Дальние парки ул.Карла Маркса;51,7709470821682;36,1809933185577;Автобус;417
172 СХА ул.Карла Маркса;51,7668738248239;36,1831444501877;Автобус;417
173 СХА ул.Карла Маркса;51,765778265015;36,1828708648682;Автобус;417
174 Гарнизонная военная поликлиника ул.Карла Маркса;51,764419;36,184565;Автобус;417
175 Мега Гринн ул.Карла Маркса;51,7617178220989;36,1855155229568;Автобус;417
176 Мега Гринн ул.Карла Маркса;51,7615816929925;36,1860090494156;Автобус;417
177 Школьная конечная ул.Школьная;51,7627570380915;36,1820930242538;Автобус;417
178 ул.Ломакина ул.Ломакина;51,7581716909831;36,1865025758743;Автобус;417
179 По требованию ул.Ломакина;51,756116;36,18258;Автобус;417
180 По требованию ул.Ломакина;51,75611;36,18258;Автобус;417
181 ул.1-я Пушкарная ул.1-я Пушкарная;51,7531707744084;36,1834448575974;Автобус;417
182 ул.1-я Пушкарная ул.1-я Пушкарная;51,7533434580496;36,1820876598358;Автобус;417
183 Площадь Героев Курской битвы ул.Карла Маркса;51,7586896825602;36,1871516704559;Автобус;417
184 Площадь Героев Курской битвы ул.Карла Маркса;51,7588025773717;36,1873716115952;Автобус;417
185 ул.Никитская ул.Карла Маркса;51,7544559233711;36,1894369125366;Автобус;417
186 ул.Никитская ул.Карла Маркса;51,7551765206118;36,18931889534;Автобус;417
"187 ТЦ ""Европа"" ул.Карла Маркса";51,7504442778742;36,192199587822;Автобус;417
"188 ТЦ ""Европа"" ул.Карла Маркса";51,7510055311742;36,1921566724777;Автобус;417
189 пл.Перекальского ул.Карла Маркса;51,7487571549588;36,1943024396896;Автобус;417
"190 ТЦ ""Метро"" дорога к Метро";51,790893;36,185571;Автобус;417
"191 ТЦ ""Метро"" дорога к Метро";51,7911850879609;36,1869156360626;Автобус;667
192 По требованию (Росинка) дорога к Метро;51,793067;36,189773;Автобус;417
193 По требованию (Росинка) дорога к Метро;51,792087;36,187322;Автобус;417
194 ул.Смородиновая ул.Фестивальная;51,7888159382651;36,2001764774323;Автобус;667
195 По требованию ул.Фестивальная;51,785713;36,206368;Автобус;667
196 По требованию ул.Фестивальная;51,785713;36,206368;Автобус;667
197 ул.Фестивальная ул.Фестивальная;51,7870041515883;36,2043821811676;Автобус;667
198 ул.Фестивальная ул.Фестивальная;51,7871368856834;36,2045860290527;Автобус;667
199 ул.Светлая ул.Светлая;51,779424386871;36,2070643901825;Автобус;667
200 ул.Светлая ул.Светлая;51,7794974029382;36,2066996097565;Автобус;667
201 ул.Тамчишина 1-й Светлый проезд;51,7794111112098;36,1955684423447;Автобус;667
202 По требованию пр.Светлый;51,7783025797139;36,2039422988892;Автобус;667
203 По требованию пр.Светлый;51,7778312796297;36,2034004926682;Автобус;667
204 пр.Светлый  пр.Светлый;51,771374;36,196357;Автобус;417
205 пр.Светлый  пр.Светлый;51,771398;36,196355;Автобус;417
206 ул.К.Блинова ул.Перекальского;51,7519387238853;36,2001442909241;Автобус;417
207 Кировский мост ул.Перекальского;51,7545854324785;36,2031322717667;Автобус;667
208 Кировский мост ул.Перекальского;51,7542367532664;36,2034541368485;Автобус;667
209 пл.Перекальского ул.Перекальского;51,7488202571471;36,1961209774017;Автобус;417
210 пл.Перекальского ул.Ленина;51,7476777617718;36,1946082115173;Автобус;417
211 ул.Садовая ул.Ленина;51,7411875740867;36,1937177181244;Автобус;417
212 ул.Садовая ул.Ленина;51,7423601283801;36,1942380666733;Автобус;417
213 Драмтеатр ул.Ленина;51,737766066094;36,1933851242065;Автобус;417
214 Драмтеатр ул.Ленина;51,7390915159518;36,1938089132309;Автобус;417
215 Кирова ул.Ленина;51,7356465943067;36,1932456493378;Автобус;417
216 Дом книги ул.Ленина;51,7333841644246;36,1931598186493;Автобус;417
"217 г-ца ""Центральная ул.Ленина";51,7319190062389;36,1927092075348;Автобус;417
218 ул.Сонина ул.Сонина;51,7244629077417;36,1908316612244;Автобус;667
219 Знаменский собор ул.Сонина;51,7279817812674;36,1924570798874;Автобус;417
220 Красная пл. Красная пл.;51,7286330252714;36,1927735805511;Автобус;417
221 Московская пл. ул.Радищева;51,75092;36,190523;Автобус;417
222 ул.Павлова ул.Радищева;51,7479102486376;36,1900216341019;Автобус;417
223 парк Героев Гражданской войны ул.Радищева;51,743779;36,190471;Автобус;417
224 ул.Садовая ул.Радищева;51,7416625785012;36,1900699138641;Автобус;417
225 Кондитерский комбинат ул.Радищева;51,7376032888696;36,1901074647903;Автобус;417
226 ул.Кирова ул.Радищева;51,7356465943067;36,1932456493378;Автобус;417
227 ул.Урицкого ул.Урицкого;51,7302544491735;36,1919260025024;Автобус;417
228 Центральный рынок ул.Дзержинского;51,7272241999063;36,1859285831451;Автобус;417
229 Центральный рынок ул.Дзержинского;51,7274268873917;36,1853867769241;Автобус;417
230 к/т им.Щепкина ул.Дзержинского;51,7239910455171;36,1768412590027;Автобус;417
231 к/т им.Щепкина ул.Дзержинского;51,7248516919303;36,178514957428;Автобус;417
232 ул.Павлуновского ул.Дзержинского;51,7222829960059;36,1719542741776;Автобус;417
233 ул.Павлуновского ул.Дзержинского;51,7224292128864;36,1718094348907;Автобус;417
234 ул.50 лет Октября ул.Дзержинского;51,7200963326093;36,1653399467468;Автобус;417
235 пл.Дзержинского ул.Дзержинского;51,7194516122733;36,1633604764938;Автобус;667
236 ул.Добролюбова ул.Красной Армии;51,724904858739;36,1870175600052;Автобус;417
237 ул.Добролюбова ул.Красной Армии;51,7251441086042;36,1872321367264;Автобус;417
238 ул.Гайдара ул.Красной Армии;51,7238415106859;36,1836165189743;Автобус;417
239 ул.Белинского ул.Красной Армии;51,7231935207021;36,1823183298111;Автобус;417
240 ул.Белинского ул.Красной Армии;51,7231935207021;36,1823183298111;Автобус;417
241 ул.Чумаковского ул.Красной Армии;51,7215253191423;36,1778122186661;Автобус;417
242 ул. Дружининская ул.Красной Армии;51,7225488445278;36,1801779270172;Автобус;417
243 парк Дзержинского ул.Красной Армии;51,7194516122733;36,1724102497101;Автобус;667
244 парк Дзержинского ул.Красной Армии;51,719411732363;36,1717021465302;Автобус;667
245 Областная детская больница ул.Красной Армии;51,7178497415431;36,1679899692535;Автобус;667
246 Областная детская больница ул.Красной Армии;51,7180325304904;36,1679953336716;Автобус;667
247 пл.Добролюбова ул.А.Невского;51,7231802285026;36,1900001764297;Автобус;667
248 пл.Добролюбова пл.Добролюбова;51,722435859097;36,189866065979;Автобус;667
249 ул.Бочарова ул.Бочарова;51,7207144579079;36,1721742153168;Автобус;417
250 ул.Бочарова ул.Бочарова;51,720679;36,173362;Автобус;417
251 ул.Пионеров ул.Энгельса;51,7154501526675;36,1656457185745;Автобус;667
252 ул.Пионеров ул.Энгельса;51,7153836802492;36,1661070585251;Автобус;667
253 ул.Сумская ул.Энгельса;51,7048199717062;36,1644923686981;Автобус;417
254 ул.Сумская ул.Энгельса;51,7044808816714;36,1634731292725;Автобус;417
255 Налоговая инспекция ул.Энгельса;51,7006576318894;36,1619281768799;Автобус;417
256 Налоговая инспекция ул.Энгельса;51,700883711298;36,1613380908966;Автобус;417
257 Соловьиная роща ул.Энгельса;51,69360870727;36,157448887825;Автобус;667
258 Соловьиная роща ул.Энгельса;51,6938414723094;36,1567997932434;Автобус;667
259 Автоцентр Южный ул.Энгельса;51,6879488231907;36,1530339717865;Автобус;667
260 Солянка Парк ул.Энгельса;51,6886538532134;36,1542892456055;Автобус;667
261 река Сейм ул.Энгельса;51,681926;36,150654;Автобус;667
262 река Сейм ул.Энгельса;51,681811;36,15126;Автобус;667
263 ул.Черняховского пр.Кулакова;51,6752198127579;36,1453467607498;Автобус;417
264 ул.Черняховского пр.Кулакова;51,67613;36,148052;Автобус;417
265 ул.Рокоссовского пр.Кулакова;51,6715404721905;36,1432600021362;Автобус;417
266 ул.Рокоссовского пр.Кулакова;51,6714073982151;36,1424285173416;Автобус;417
267 ул.Рокоссовского ул.Гагарина;51,6722623916932;36,141961812973;Автобус;417
268 ул.Народная пр.Кулакова;51,6677843090245;36,1408460140228;Автобус;417
269 ул.Народная пр.Кулакова;51,6679207207543;36,1402505636215;Автобус;417
270 Льговский пов. пр.Кулакова;51,6617950964981;36,137090921402;Автобус;417
271 Льговский пов. пр.Кулакова;51,6617950964981;36,136736869812;Автобус;417
272 Льговский пов. ПЛК;51,6626203239178;36,136200428009;Автобус;417
273 Льговский пов. ПЛК;51,6630462418668;36,1365973949432;Автобус;417
274 ул.Гагарина ул.Серегина;51,6720960518141;36,1372357606888;Автобус;417
275 ул.Серегина ул.Серегина;51,6685096154587;36,1349022388458;Автобус;417
"276 АО ""Сейм"" ул.Серегина";51,6667728531411;36,1337757110596;Автобус;417
277 ПЛК ул.Серегина;51,662974;36,129516;Автобус;417
278 По требованию ул.Магистральная;51,6490620624787;36,1519718170166;Автобус;417
279 ул.Магистральная (Пивзавод) ул.Магистральная;51,6510091903625;36,1301708221436;Автобус;417
280 ул.Магистральная Магистральный проезд;51,6501970651388;36,1305785179138;Автобус;417
281 ул.Магистральная Магистральный проезд;51,6500872274137;36,1292213201523;Автобус;417
282 Школа №41 Магистральный проезд;51,6492750856721;36,1399340629578;Автобус;417
283 Школа №41 Магистральный проезд;51,6495347063357;36,1393868923187;Автобус;417
284 Центр досуга «Спутник» Магистральный проезд;51,6489289224745;36,1469399929047;Автобус;667
285 Центр досуга «Спутник» Магистральный проезд;51,6488956374124;36,1458992958069;Автобус;667
286 Магистраный проезд Магистральный проезд;51,6490620624787;36,1519718170166;Автобус;417
287 Магистраный проезд Магистральный проезд;51,6491419462936;36,1529695987701;Автобус;417
288 УПТК №1 Магистральный проезд;51,649437;36,154385;Автобус;667
289 УПТК №2 Магистральный проезд;51,649437;36,154385;Автобус;667
"290 ПО ""КАМАЗ"" Магистральный проезд";51,6524969394023;36,1634302139282;Автобус;667
"291 ПО ""КАМАЗ"" Магистральный проезд";51,6525102523724;36,1627864837646;Автобус;667
292 Петринский пов. Магистральный проезд;51,654091139767;36,1678129434586;Автобус;667
293 Петринский пов. Магистральный проезд;51,654663573815;36,1703127622604;Автобус;667
294 Авиацентр Магистральный проезд;51,6597752224263;36,1734080314636;Автобус;667
295 Рынок ул.1-я Степная;51,647347;36,141493;Автобус;667
296 ул.2-я Кислинская ул.1-я Степная;51,6420716836252;36,1390435695648;Автобус;667
297 ул.2-я Кислинская ул.1-я Степная;51,6420716836252;36,1390435695648;Автобус;667
298 ул.4-я Кислинская ул.1-я Степная;51,6399077764965;36,1389684677124;Автобус;667
299 ул.4-я Кислинская ул.1-я Степная;51,639801243017;36,138710975647;Автобус;667
300 ул.5-я Кислинская ул.1-я Степная;51,6367782512306;36,1387753486633;Автобус;667
301 ул.5-я Кислинская ул.1-я Степная;51,6368847918118;36,13853931427;Автобус;667
302 ул.Заливная ул.1-я Степная;51,6326829079389;36,1393654346466;Автобус;667
303 ул.Заливная ул.1-я Степная;51,6320768989071;36,1391723155975;Автобус;667
304 ул.Окружная ул.1-я Степная;51,6286471347861;36,139612197876;Автобус;667
305 ул.Окружная ул.1-я Степная;51,6285672148606;36,1399126052856;Автобус;667
306 ул.Колокольчиковая ул.1-я Степная;51,6253370000329;36,1403524875641;Автобус;667
307 ул.Колокольчиковая ул.1-я Степная;51,6249240487741;36,1401379108429;Автобус;667
308 ул.Мостовая ул.1-я Степная;51,6210607743109;36,1409747600555;Автобус;667
309 ул.Белгородская ул.Народная;51,6662338444008;36,1442577838898;Автобус;417
310 магазин ул.Краснополянская;51,6654086827949;36,1514139175415;Автобус;417
311 ул.Парковая ул.Краснополянская;51,6688423209469;36,1528730392456;Автобус;417
312 Школа ул.Краснополянская;51,6717733507066;36,1540424823761;Автобус;417
"313 м-н ""Дубрава"" ";51,6654552648987;36,1742663383484;Автобус;667
314 По требованию ул.Черняховского;51,667661;36,170592;Автобус;667
315 По требованию ул.Черняховского;51,668573;36,170538;Автобус;667
316 кбо ул.Черняховского;51,6728479032081;36,161761879921;Автобус;667
317 По требованию ул.Черняховского;51,670221;36,168866;Автобус;667
318 Магазин ул.Черняховского;51,67144;36,162937;Автобус;417
319 Магазин ул.Черняховского;51,67144;36,162937;Автобус;417
320 ул.Обоянская ул.Черняховского;51,6743615484686;36,1526799201965;Автобус;417
321 Рынок ул.Черняховского;51,6751665875385;36,1475622653961;Автобус;417
322 КОНТИ РУС ул.Магистральная;51,6432434794608;36,1251175403595;Автобус;667
323 КОНТИ РУС ул.Магистральная;51,6432101902243;36,1248385906219;Автобус;667
324 Конноспортивная школа ул.Магистральная;51,6467686712643;36,1271131038666;Автобус;667
325 ул.1-я Строительная ул. Магистральная;51,6439558632637;36,1245274543762;Автобус;667
326 По требованию ул.1-я Строительная;51,6438826280618;36,1243557929993;Автобус;667
327 ул.1-я Строительная ул.1-я Строительная;51,6472912684383;36,1106657981873;Автобус;667
328 ул.Аллейная ул.Аллейная;51,6558649961839;36,1051940917969;Автобус;667
329 Силикатный проезд Силикатный проезд;51,6506463985156;36,0888004302979;Автобус;667
330 ул.Трубная Силикатный проезд;51,6568766955822;36,0885965824127;Автобус;667
331 ул.Трубная Силикатный проезд;51,6567568902534;36,0884571075439;Автобус;667
"332 з-д ""Волокно"" Силикатный проезд";51,6575555864631;36,082524061203;Автобус;667
"333 з-д ""Волокно"" Силикатный проезд";51,6567768578302;36,0831248760223;Автобус;667
"334 ГКЦ ""Лира"" ул.Менделеева";51,6674649043431;36,0698211193085;Автобус;417
335 7-й Промышленный пер. ул.Менделеева;51,6657114656136;36,0648858547211;Автобус;417
336 ПЛК ПЛК;51,663004;36,077701;Автобус;417
337 ул.Крюкова ул.Крюкова;51,6757686941834;36,0675036907196;Автобус;417
338 ул.Крюкова ул.Крюкова;51,675431;36,068469;Автобус;417
339 Школа ул.Крюкова;51,6717068141099;36,0712909698486;Автобус;417
340 Школа ул.Крюкова;51,6722291237663;36,0710710287094;Автобус;417
341 Рынок ул.Крюкова;51,6694145686708;36,0737800598145;Автобус;417
342 Рынок ул.Крюкова;51,8067904930775;36,1790835857391;Автобус;417
"343 к/т ""Родина"" ПЛК";51,6680770946709;36,0824060440063;Автобус;417
"344 к/т ""Родина"" ПЛК";51,6681935429815;36,0825133323669;Автобус;417
345 ул.Лесная ПЛК;51,6679639731682;36,0919547080994;Автобус;417
346 ул.Лесная ПЛК;51,6678708140716;36,0911875963211;Автобус;417
347 ул.Городская ПЛК;51,6677077851914;36,0976195335388;Автобус;667
348 ул.Городская ПЛК;51,667814253098;36,0978555679321;Автобус;667
349 Школа №28 ПЛК;51,6669991018126;36,1025762557983;Автобус;417
350 Школа №28 ПЛК;51,6671954048915;36,1020827293396;Автобус;417
351 ТЭЦ ПЛК;51,6666331107501;36,1132889986038;Автобус;667
352 ТЭЦ ПЛК;51,6667728531411;36,1140990257263;Автобус;667
353 РТИ ПЛК;51,6619814394872;36,124307513237;Автобус;667
354 РТИ ПЛК;51,6619281987114;36,1250102519989;Автобус;667
355 ул.Запрудная ул.Запрудная;51,7028452352195;36,0850238800049;Автобус;667
356 ул.Кореневская ул.Запрудная;51,7077387004424;36,0853242874146;Автобус;667
357 ул.Кореневская ул.Запрудная;51,7072600152449;36,0850989818573;Автобус;667
358 ул.Центральная ул.Запрудная;51,7139744419883;36,0842943191528;Автобус;667
359 ул.Центральная ул.Запрудная;51,7139544996224;36,0840153694153;Автобус;667
360 Школа ул.Сумская;51,714071;36,089106;Автобус;667
361 Школа ул.Сумская;51,714071;36,089106;Автобус;667
362 Моква (Памятник) ул.Сумская;51,715252;36,096132;Автобус;667
363 Моква (Памятник) ул.Сумская;51,715019;36,096494;Автобус;667
364 Поворот на пионерские лагеря ул.Парк Солянка;51,712239;36,115274;Автобус;667
365 Поворот на пионерские лагеря ул.Сумская;51,712239;36,115274;Автобус;667
366 Поворот на пионерские лагеря ул.Сумская;51,71193;36,114588;Автобус;667
367 Детский санаторий ул.Парк Солянка;51,690838;36,110295;Автобус;667
368 Школа-итернат №2 ул.Парк Солянка;51,699196;36,111038;Автобус;667
369 Школа-итернат №2 ул.Парк Солянка;51,698552;36,111178;Автобус;667
"370 санаторий ""Маяк"" ул.Парк Солянка";51,70193;36,11385;Автобус;667
"371 санаторий ""Маяк"" ул.Парк Солянка";51,701775;36,114128;Автобус;667
"372 санаторий ""Соловушка"" ул.Парк Солянка";51,70644;36,115497;Автобус;667
"373 санаторий ""Соловушка"" ул.Парк Солянка";51,706638;36,114932;Автобус;667
374 Центр Феодосия Печерского ул.Парк Солянка;51,7096201501233;36,1147320270538;Автобус;667
375 Центр Феодосия Печерского ул.Парк Солянка;51,7095038083316;36,1145603656769;Автобус;667
376 Сады ул.Сумская;51,712262&;36,122907;Автобус;667
377 Сады ул.Сумская;51,711965;36,122086;Автобус;667
378 ДП КЗТЗ ул.Сумская;51,712113116609;36,1380350589752;Автобус;417
379 ДП КЗТЗ ул.Сумская;51,7123125479921;36,1377185583115;Автобус;417
380 ДП КЗТЗ ул.Конорева;51,7120399915481;36,1371177434921;Автобус;417
381 Областная б-ца ул.Сумская;51,7110760592412;36,1419939994812;Автобус;417
382 Областная б-ца ул.Сумская;51,7111558337291;36,142321228981;Автобус;417
383 Областная б-ца ул.Сумская;51,7132465399338;36,1434370279312;Автобус;417
384 ул.Конорева ул.Конорева;51,7082705669434;36,1371660232544;Автобус;417
385 Школа №46 ул.Конорева;51,704959596276;36,1371874809265;Автобус;417
386 пл.Комарова пл.Комарова;51,7027587969734;36,142503619194;Автобус;417
387 пл.Комарова ул.Дейнеки;51,7028020161171;36,143029332161;Автобус;417
388 ул.Ольшанского ул.Дейнеки;51,7060765773215;36,145191192627;Автобус;417
389 ул.Дейнеки ул.Сумская;51,7095038083316;36,1479592323303;Автобус;417
390 ул.Дейнеки ул.Сумская;51,7099359334779;36,146999001503;Автобус;417
391 ул.Заводская ул.Сумская;51,7074727648469;36,1558502912521;Автобус;417
392 ул.Заводская ул.Сумская;51,7079680686379;36,1548686027527;Автобус;417
393 ул.Заводская ул.Заводская;51,707426225957;36,1550563573837;Автобус;417
394 Типография ул.Сумская;51,7055879015075;36,1631995439529;Автобус;417
395 Типография ул.Сумская;51,7060300369952;36,1623680591583;Автобус;417
396 Поликлиника №7 ул.Заводская;51,703794;36,153219;Автобус;417
397 Поликлиника №7 ул.Ольшанского;51,703802;51,703802;Автобус;417
398 ул.Комарова ул.Заводская;51,7012161789647;36,1490750312805;Автобус;417
399 Электросеть ул.Заводская;51,6982571308517;36,1476373672485;Автобус;417
400 ВОС ул.Заводская;51,696202;36,143309;Автобус;417
401 Школа ул.Заводская;51,697028;36,137996;Автобус;417
"402 к/т ""Ассоль"" ул.Малышева";51,6998264478823;36,1406582593918;Автобус;417
"403 рынок ""Урожайный"" ул.Литовская";51,70675;36,176772;Автобус;417
404 Сельскохозяйственный рынок ул.Литовская;51,7089885768003;36,1819589138031;Автобус;667
405 ул.Дубровинского ул.Интренациональная;51,7535294243094;36,2130832672119;Автобус;417
406 ул.Дубровинского ул.Дубровинского;51,7542234701956;36,2131583690643;Автобус;417
407 ул.Интернациональная ул.Интернациональная;51,751676369164;36,2204217910767;Автобус;417
408 ЖД вокзал Привокзальная площадь;51,7504808093663;36,2269932031631;Автобус;417
409 ул.Интернациональная ул.Октябрьская;51,7519354029489;36,2209957838058;Автобус;417
410 ул.Театральная ул.Октябрьская;51,7542699609264;36,2221920490265;Автобус;417
411 Железнодорожная больница ул.Маяковского;51,7567803893209;36,2197726964951;Автобус;417
412 ул.Октябрьская ул.Маяковского;51,7558971063543;36,2235760688782;Автобус;667
413 ул.Октябрьская ул.Маяковского;51,7560731002034;36,2234205007553;Автобус;667
414 По требованию ул.Маяковского;51,753748;36,230641;Автобус;667
415 ул.Цюрупы ул.Станционная;51,752480033241;36,2361073493958;Автобус;417
416 ул.Станционная ул.Станционная;51,75020184086;36,2354850769043;Автобус;417
417 ул.Станционная ул.Станционная;51,7502151251136;36,2351953983307;Автобус;417
418 ул.Союзная ул.Союзная;51,7478371814658;36,235426068306;Автобус;417
419 ул.Союзная ул.Союзная;51,7475914092025;36,235249042511;Автобус;417
420 ул.Союзная ул.Станционная;51,747239354712;36,234884262085;Автобус;417
421 ул.Краснознаменная ул.Союзная;51,7473788483289;36,2399697303772;Автобус;417
422 ул.Краснознаменная ул.Союзная;51,7471065032478;36,2406992912292;Автобус;417
423 Областной сборный пункт ул.Союзная;51,7469670087899;36,2446796894073;Автобус;417
424 Областной сборный пункт ул.Союзная;51,7467278744313;36,2450551986694;Автобус;417
425 Школа №8 ул.Союзная;51,7463293143539;36,2519216537476;Автобус;417
426 Школа №8 ул.Союзная;51,7460303919882;36,2524151802063;Автобус;417
"427 м-н ""Полет"" ул.Союзная";51,7460237492464;36,2581658363342;Автобус;417
"428 м-н ""Полет"" ул.Союзная";51,7455587548998;36,2580370903015;Автобус;417
"429 м-н ""Полет"" ул.Республиканская";51,7451103629613;36,2594318389893;Автобус;417
430 ул.Аэропортовская ул.Аэропортовская;51,7459241080037;36,265686750412;Автобус;667
431 ул.Аэропортовская ул.Аэропортовская;51,7457381104291;36,2663626670837;Автобус;667
432 ул.Усадебная ул.Аэропортовская;51,7455255408348;36,2711155414581;Автобус;667
433 ул.Усадебная ул.Аэропортовская;51,7452664702893;36,272177696228;Автобус;667
434 По требованию ул.Аэропортовская;51,745501;36,265425;Автобус;667
435 По требованию ул.Аэропортовская;51,745602;36,265916;Автобус;667
436 Аэропорт ул.Аэропортовская;51,7487704396374;36,2826597690582;Автобус;667
437 училище №15 ул.1-я Агрегатная;51,7417589074588;36,2650644779205;Автобус;417
438 училище №15 ул.1-я Агрегатная;51,741406807514;36,2651932239532;Автобус;417
439 ул. 1-я Агрегатная ул.1-я Агрегатная;51,7373940030052;36,2762010097504;Автобус;667
440 1-й Весенний пр. 1-й Весенний проезд;51,7384935734609;36,269291639328;Автобус;667
441 1-й Весенний пр. 1-й Весенний проезд;51,7383673401458;36,2694847583771;Автобус;667
442 2-й Весенний пр. 2-й Весенний проезд;51,7356233393627;36,2677466869354;Автобус;667
443 2-й Весенний пр. 2-й Весенний проезд;51,73515159363;36,2672209739685;Автобус;667
444 3-й Весенний проезд 3-й Весенний проезд;51,7338991180391;36,2667489051819;Автобус;667
445 3-й Весенний проезд 3-й Весенний проезд;51,7338060945946;36,2663304805756;Автобус;667
"446 ЗАО ""КПК"" ул.3-я Агрегатная";51,7316930819293;36,2651181221008;Автобус;417
"447 ЗАО ""КПК"" ул.3-я Агрегатная";51,7319256510545;36,2654399871826;Автобус;417
448 ул.2-я Агрегатная ул.3-я Агрегатная;51,7328160475007;36,2742590904236;Автобус;667
449 ул.3-я Агрегатная ул.3-я Агрегатная;51,7300384841835;36,2581551074982;Автобус;667
450 ул.1-я Щигровская ул. 1-я Щигровская;51,7494180629787;36,2557625770569;Автобус;667
451 ул.Чапаева ул. 1-я Щигровская;51,7585834283622;36,2585520744324;Автобус;667
452 ул.3-я Щигровская ул. 3-я Щигровская;51,7650113573285;36,2551939487457;Автобус;667
453 ул.Союзная ул.8-е Марта;51,74719;36,246901;Автобус;417
454 ул.Каширцева ул.8-е Марта;51,7503878200556;36,2450498342514;Автобус;667
455 ул.Каширцева ул.8-е Марта;51,7505937247005;36,2444597482681;Автобус;667
456 ул.Цюрупы ул.8-е Марта;51,7549606747183;36,240661740303;Автобус;667
457 ул.Цюрупы ул.8-е Марта;51,7546784131471;36,2414717674255;Автобус;667
458 ул.Ильича ул.8-е Марта;51,758535;36,238321;Автобус;667
459 Школа-интернат №4 ул.Ильича;51,759572910904;36,2390685081482;Автобус;667
460 Школа-интернат №4 ул.Ильича;51,7595397071435;36,2395620346069;Автобус;667
461 ул.Н.Восточная ул.Ильича;51,7612795513143;36,2438106536865;Автобус;667
462 ул.Н.Восточная ул.Ильича;51,7612729108151;36,2443470954895;Автобус;667
463 пер.Чапаева ул.Ильича;51,7631986146423;36,2493145465851;Автобус;667
464 пер.Чапаева ул.Ильича;51,7628334012626;36,2487888336182;Автобус;667
465 ул.Ильича ул.Ильича;51,764246;36,253336;Автобус;667
466 ул.Ильича ул.Ильича;51,758404123836;36,2372392416;Автобус;667
467 ул.Ильича ул.3-я Щигровская;51,7644270379656;36,2528014183044;Автобус;667
468 ул.Ильича (переезд) ул.Ильича;51,758550223874;36,2376308441162;Автобус;667
469 ул.2-я Рабочая ул.Республиканская;51,7425727128687;36,2458598613739;Автобус;417
470 ул.2-я Рабочая ул.Республиканская;51,7423302336062;36,2452590465546;Автобус;417
471 ул.2-я Рабочая ул.2-я Рабочая;51,7424896721719;36,2452429533005;Автобус;417
472 ШВФ ул.Республиканская;51,742402;36,241012;Автобус;417
473 ШВФ ул.Республиканская;51,742805;36,239374;Автобус;417
474 Универсальная база ул.Республиканская;51,7433300369803;36,2369710206985;Автобус;417
475 Универсальная база ул.Республиканская;51,743326715411;36,2349379062653;Автобус;417
"476 з-д ""Счетмаш"" ул.2-я Рабочая";51,7401844015013;36,2454146146774;Автобус;667
"477 з-д ""Счетмаш"" ул.2-я Рабочая";51,740307307949;36,2452697753906;Автобус;667
"478 з-д ""Электроагрегат"" ул.2-я Агрегатная";51,7380251796498;36,2507092952728;Автобус;667
479 ул.Станционная ул.Чайковского;51,738951996745;36,2303620576859;Автобус;667
480 ул.Станционная ул.Чайковского;51,7391380222584;36,230919957161;Автобус;667
481 ул.Чайковского ул.Чайковского;51,7381049065988;36,2313115596771;Автобус;667
482 ул.Чайковского ул.Чайковского;51,737433867054;36,23182117939;Автобус;667
483 ул.Соловьиная ул.Чайковского;51,732751;36,239721;Автобус;667
484 ул.9 Января ул.Малых;51,7208972352753;36,1924839019775;Автобус;667
485 ул.9 Января ул.Малых;51,7207078114443;36,1925482749939;Автобус;667
486 ул.Чистая ул.Малых;51,7192522123701;36,1961853504181;Автобус;667
487 ул.Чистая ул.Малых;51,7188434398196;36,1966896057129;Автобус;667
488 Магазин ул.Малых;51,71694;36,202712;Автобус;667
489 Васильевский пер. ул.Малых;51,7160949300553;36,2070751190186;Автобус;667
490 Васильевский пер. ул.Малых;51,7159819284971;36,2066674232483;Автобус;667
491 ул.Малых ул.Малых;51,7147189506919;36,2138342857361;Автобус;667
492 Кривецкий пер. ул.Малых;51,717553;36,200112;Автобус;667
493 Кривецкий пер. Кривецкий пер.;51,7192688290623;36,2025368213654;Автобус;667
494 Кривецкий пер. Кривецкий пер.;51,7183249912693;36,2018233537674;Автобус;667
495 Кривецкий мост ул.Пост Кривец;51,7212794037469;36,2089419364929;Автобус;667
496 Кривецкий мост ул.Пост Кривец;51,7211597687466;36,2093603610992;Автобус;667
497 Склады гортопа ул.Пост Кривец;51,7237983116426;36,2168490886688;Автобус;667
498 Склады гортопа ул.Пост Кривец;51,7237451435326;36,2171602249146;Автобус;667
499 ул.1-я Стрелецкая ул.2-я Новоселовка;51,7300384841835;36,2232863903046;Автобус;667
500 ул.1-я Стрелецкая ул.2-я Новоселовка;51,7303707375869;36,2238335609436;Автобус;667
501 ул.2-я Новоселовка ул.2-я Новоселовка;51,7373342068659;36,225711107254;Автобус;667
502 ул.2-я Новоселовка ул.2-я Новоселовка;51,7370285809182;36,2259578704834;Автобус;667
503 ул.Новоселовка ул.2-я Новоселовка;51,7344771880096;36,2248957157135;Автобус;667
504 ул.Новоселовка ул.2-я Новоселовка;51,7345170546316;36,2252604961395;Автобус;667
505 Хлебокомбинат ул.Бутко;51,747972;36,22492;Автобус;417
506 Хлебокомбинат ул.Бутко;51,747762;36,22551;Автобус;417
ул.Сонина (Цирк) ул.Сонина из центра;51,7244728766088;36,1903917789459;Троллейбус;667
Красная пл. ул.Урицкого в центр;51,7304371879745;36,1912339925766;Троллейбус;417
ул.Почтовая ул.Радищева из центра;51,7318193338886;36,1903542280197;Троллейбус;417
КГУ ул.Радищева из центра;51,7357495803432;36,1903703212738;Троллейбус;417
Ул.Ватутина ул.Радищева из центра;51,73908;36,191096;Троллейбус;417
ул.Садовая ул.Радищева из центра;51,741585;36,190903;Троллейбус;417
Гоголя-Картинная галерея ул.Радищева из центра;51,7423235903204;36,1903327703476;Троллейбус;417
Московская пл. ул.Радищева из центра;51,749831;36,190751;Троллейбус;417
пл.Дзержинского пл.Дзержинского из центра;51,718694;36,165077;Троллейбус;667
ККПФ ул.К.Маркса в центр;51,796271;36,166948;Троллейбус;667
Курскснабсбыт ул.Магистральная конечная;51,6434032674557;36,1244094371796;Троллейбус;667
пл. Добролюбова (в районе заправки) ул.А.Невского из центра;51,722598;36,190224;Троллейбус;667
Кировский мост ( по требованию) ул. Перекальского в центр;51,7553890447912;36,2049078941345;Трамвай;417
Кировский мост ( по требованию) ул. Перекальского из центра;51,7553359138401;36,2044841051102;Трамвай;417
Ул.К.Блинова ул. Перекальского из центра;51,7512844947168;36,1999189853668;Трамвай;417
ЦД «Юность» ул. К. Маркса в центр;51,7497003574267;36,1933368444443;Трамвай;417
Пл. Перекальского Ул.К.Маркса из центра;51,7489298554752;36,1937230825424;Трамвай;417
Московская пл. Ул.1-я Пушкарная в центр;51,7515734194266;36,1897963285446;Трамвай;417
Хлебозавод Ул.1-я Пушкарная в центр;51,7515435307492;36,1879348754883;Трамвай;417
Хлебозавод ул. 1-я Пушкарная из центра;51,7517095787066;36,1871141195297;Трамвай;417
Хлебозавод ул. 1-я Пушкарная кольцо;;;Трамвай;417
Ул. 1-я Пушкарная ул. 1-я Пушкарная в центр;51,7528420094972;36,1827689409256;Трамвай;667
Ул. 1-я Пушкарная ул. 1-я Пушкарная из центра;51,752948277205;36,1836272478104;Трамвай;667
Протезно-ортопедическое предприятие ул. Кр. Октябрь в центр;51,7520018216289;36,1798453330994;Трамвай;667
Протезно-ортопедическое предприятие ул. Кр. Октябрь из центра;51,752074882064;36,1798077821732;Трамвай;667
Ул. 3-я Пушкарная ул. Кр. Октябрь в центр;51,7504243515934;36,174738407135;Трамвай;667
Ул. 3-я Пушкарная ул. Кр. Октябрь из центра;51,7503944621556;36,1744755506516;Трамвай;667
Ул. Запольная  ул. В. Луговая (кольцо);;;Трамвай;667
Ул. Запольная ул. В. Луговая в центр;51,7451302915864;36,1679202318192;Трамвай;667
Ул. Запольная ул. В. Луговая из центра;51,7456583969485;36,1679792404175;Трамвай;667
Ул. Заречная ул. В. Луговая в центр;51,7426225372136;36,1704683303833;Трамвай;667
Ул. Заречная ул. В. Луговая из центра;51,742399988048;36,1704254150391;Трамвай;667
Ул. Мичурина ул. В. Луговая в центр;51,7397824618647;36,1730539798737;Трамвай;667
Ул. Мичурина ул. В. Луговая из центра;51,7401611488924;36,1724531650543;Трамвай;667
КТЦ « Звездный» ул. В. Луговая в центр;51,7370352249825;36,1755859851837;Трамвай;667
КТЦ « Звездный» ул. В. Луговая из центра;51,736859156948;36,1753875017166;Трамвай;667
Ул. Суворовская ул. В. Луговая в центр;51,7343741990734;36,1778980493546;Трамвай;667
Ул. Суворовская ул. В. Луговая из центра;51,73459678777;36,177436709404;Трамвай;667
Ул. Большевиков ул. В. Луговая в центр;51,73132096884;36,1804246902466;Трамвай;667
Ул. Большевиков ул. В. Луговая из центра;51,7311016864778;36,1808484792709;Трамвай;667
Центральный рынок ул. В. Луговая в центр;51,7274634374972;36,1839544773102;Трамвай;417
Центральный рынок ул. В. Луговая из центра;51,7275066330384;36,1840671300888;Трамвай;417
Ул. Красной  Армии ул. Добролюбова в центр;51,7246888681898;36,1867171525955;Трамвай;417
Ул. Красной  Армии ул. Добролюбова из центра;51,7249214733539;36,186261177063;Трамвай;417
Пл. Добролюбова Пл.Добролюбова в центр;51,7217047700733;36,18931889534;Трамвай;667
Пл. Добролюбова Ул.1-я Кожевенная из центра;51,7216449531754;36,1887663602829;Трамвай;667
Станкостроительный завод Ул.1-я Кожевенная в центр;51,7173778102992;36,1877685785294;Трамвай;667
Станкостроительный завод Ул.1-я Кожевенная из центра;51,7178165071097;36,1878651380539;Трамвай;667
Ул. Кутузова Ул.1-я Кожевенная  в центр;51,7123657295458;36,1866581439972;Трамвай;667
Ул. Кутузова Ул.1-я Кожевенная  из центра;51,7126316363762;36,1865347623825;Трамвай;667
Ул. Пионеров ул. Энгельса в центр;51,7153172077331;36,1658334732056;Трамвай;417
Ул. Пионеров ул. Энгельса из центра;51,7153138841047;36,1659729480743;Трамвай;417
Пл. Дзержинского ул. Энгельса в центр;51,7192754757375;36,1635321378708;Трамвай;667
Ул. Асеева ул. Беговая из центра;51,7201727679159;36,162850856781;Трамвай;667
Горбольница ул. Пирогова в центр;51,7217446479612;36,1584466695786;Трамвай;417
Горбольница ул. Пирогова из центра;51,7216914774361;36,1590367555618;Трамвай;417
Пирогова ул. Пирогова в центр;51,7226917374625;36,154203414917;Трамвай;667
Пирогова ул. Пирогова из центра;51,7227748145425;36,1541658639908;Трамвай;667
Ул. Суворовская ул. Суворовская в центр;51,7249148275087;36,1517840623856;Трамвай;667
Ул. Суворовская ул. Суворовская из центра;51,724476199564;36,151676774025;Трамвай;667
4-й Суворовский пер 3-й Суворовский пер. в центр;51,7266061636031;36,1555981636047;Трамвай;667
4-й Суворовский пер ул. Суворовская из центра;51,7261442922468;36,1554801464081;Трамвай;667
Ул. Бойцов 9-й Дивизии 1-й Аэродромный пер. в центр;51,7311349111465;36,1523526906967;Трамвай;667
Ул. Бойцов 9-й Дивизии 3-й Суворовский пер. из центра;51,7308225982963;36,1527121067047;Трамвай;667
2-й Воротний пер. 1-й Аэродромный пер. в центр;51,7329954536166;36,1511886119843;Трамвай;667
2-й Воротний пер. 1-й Аэродромный пер. из центра;51,7331050903368;36,1513066291809;Трамвай;667
ОАО «Курскгаз» Ул.Аэродромная в центр;51,7351416271178;36,1509793996811;Трамвай;667
ОАО «Курскгаз» Ул.Аэродромная из центра;51,7350486062307;36,1515265703201;Трамвай;667
ЮГЗУ ул. 50 лет Октября в центр;51,7395532550166;36,1489140987396;Трамвай;417
ЮГЗУ ул. 50 лет Октября из центра;51,7395665424019;36,1487638950348;Трамвай;417
З-д «Прибор» ул. 50 лет Октября в центр;51,7426291804554;36,1463123559952;Трамвай;417
З-д «Прибор» ул. 50 лет Октября из центра;51,7424963154333;36,1466503143311;Трамвай;417
Пр-кт «Дружбы» ул. 50 лет Октября в центр;51,744791503764;36,1439895629883;Трамвай;50
Пр-кт «Дружбы» ул. 50 лет Октября из центра;51,7442833172666;36,1446762084961;Трамвай;417
Торг.Ц.Западный ( по требов.) ул. 50 лет Октября в центр;51,7456118973531;36,143045425415;Трамвай;417
Торг.Ц.Западный ( по требов.) ул. 50 лет Октября из центра;51,7457082178904;36,1431580781937;Трамвай;417
Ул. Планерная ( по требов.) ул. 50 лет Октября в центр;51,747272567517;36,1419188976288;Трамвай;667
Ул. Планерная ( по требов.) ул. 50 лет Октября из центра;51,7472858526322;36,1420476436615;Трамвай;667
Автовокзал ул. 50 лет Октября конечная;51,7486807679814;36,1406850814819;Трамвай;667
Сельхоз/рынок ул. Литовская в центр;51,7088522887686;36,1813741922379;Трамвай;667
Сельхоз/рынок ул. Литовская из центра;51,7089054743908;36,1812776327133;Трамвай;667
Кож.-обувное объединение ул. Литовская в центр;51,7072766363436;36,1775761842728;Трамвай;667
Кож.-обувное объединение ул. Литовская из центра;51,707193530789;36,1776351928711;Трамвай;667
Школа картинга ул. Литовская в центр;51,7057308480401;36,173107624054;Трамвай;417
Школа картинга ул. Литовская из центра;51,7059402805164;36,1732095479965;Трамвай;417
Ул. Энгельса ул. Литовская в центр;51,7049828669957;36,1663645505905;Трамвай;417
Ул. Энгельса ул. Литовская из центра;51,7050792741357;36,1663162708282;Трамвай;417
Ул. Сумская ул. Энгельса  в центр;51,7049296767616;36,1643797159195;Трамвай;417
Ул. Сумская ул. Энгельса  из центра;51,704942974326;36,1642670631409;Трамвай;417
Налоговая инспекция ул. Энгельса  в центр;51,7001356501164;36,1613005399704;Трамвай;417
Налоговая инспекция ул. Энгельса  из центра;51,7006709307094;36,1615258455276;Трамвай;417
Соловьиная роща ул. Энгельса  в центр;51,6938048950254;36,1572182178497;Трамвай;417
Соловьиная роща ул. Энгельса  из центра;51,6938813747674;36,1571377515793;Трамвай;417
Р.Сейм ул. Энгельса  в центр;51,6818325595467;36,1494988203049;Трамвай;417
Р.Сейм ул. Энгельса  из центра;51,6818392117233;36,149337887764;Трамвай;417
Ул. Черняховского Пр. Кулакова  в центр;51,6752264659059;36,1453521251678;Трамвай;417
Ул. Черняховского Пр. Кулакова  из центра;51,6757187961469;36,1455130577087;Трамвай;417
Пл. Рокоссовского Пр. Кулакова  в центр;51,6714406667456;36,1429166793823;Трамвай;417
Пл. Рокоссовского Пр. Кулакова  из центра;51,6718132726177;36,1429917812347;Трамвай;417
Ул. Народная Пр. Кулакова  в центр;51,6675314471708;36,1404061317444;Трамвай;417
Ул. Народная Пр. Кулакова  из центра;51,6679007580878;36,1404490470886;Трамвай;417
Льговский поворот  ПЛК  в центр;51,6624672586769;36,136012673378;Трамвай;417
Льговский поворот  ПЛК  из центра;51,6625770664021;36,1359858512878;Трамвай;417
АО«Курскрезинотехника» ПЛК в напр. Волокно в центр;51,6618915956417;36,1242860555649;Трамвай;667
АО«Курскрезинотехника» ПЛК в напр. Волокно из центра;51,66192154361;36,1244577169418;Трамвай;667
ТЭЦ ПЛК в напр. Волокно в центр;51,6665432761283;36,1133694648743;Трамвай;667
ТЭЦ ПЛК в напр. Волокно из центра;51,6666464195679;36,1138844490051;Трамвай;667
Ул. Ольховская  ПЛК в напр. Волокно в центр;51,666440132454;36,1093837022781;Трамвай;667
Ул. Ольховская  ПЛК в напр. Волокно из центра;51,6663802424708;36,1093997955322;Трамвай;667
Типография ул. Сумская в центр;51,7060366856162;36,1616009473801;Трамвай;417
Типография ул. Сумская из центра;51,7061197932959;36,1619389057159;Трамвай;417
Ул. Заводская ул. Сумская в центр;51,707771942282;36,154927611351;Трамвай;417
Ул. Заводская ул. Сумская из центра;51,7077320520716;36,1557269096375;Трамвай;417
ул. Дейнеки ул. Дейнеки  в центр;51,7093708459176;36,1471277475357;Трамвай;417
ул. Дейнеки ул. Дейнеки  из центра;51,7093342811852;36,1469560861588;Трамвай;417
Ул. Ольшанского ул. Дейнеки в центр;51,705936956199;36,1448800563812;Трамвай;417
Ул. Ольшанского ул. Дейнеки из центра;51,7060300369952;36,1448049545288;Трамвай;417
Ул. Комарова ул. Дейнеки в центр;51,7024762092471;36,1424285173416;Трамвай;417
Ул. Комарова ул. Дейнеки из центра;51,7024562618115;36,1426055431366;Трамвай;417
Ул. Малышева Ул.Малышева в центр;51,7000791294357;36,140513420105;Трамвай;417
Ул. Малышева Ул.Малышева из центра;51,7001589233173;36,1404758691788;Трамвай;417
Ул. Малышева (кольцо) Ул.Малышева конечная;51,7001788717657;36,1388611793518;Трамвай;417
Ж/Д Вокзал Ул.Вокзальная конечная;51,751785960562;36,227679848671;Трамвай;417
Ж/д мосты ( по требованию)   ул.Маяковского в центр;51,7541437716885;36,2295788526535;Трамвай;667
Ж/д мосты ( по требованию)   ул.Маяковского из центра;51,7543264138924;36,2294661998749;Трамвай;667
Ул. Октябрьская ул.Маяковского в центр;51,7558008075428;36,223720908165;Трамвай;667
Ул. Октябрьская ул.Маяковского из центра;51,7558705411855;36,2237691879272;Трамвай;667
Ж/д больница Ул. Дубровинского в центр;51,7567571452537;36,2187319993973;Трамвай;417
Ж/д больница Ул. Дубровинского из центра;51,7566741306301;36,2184154987335;Трамвай;417
Ул. Интернациональная Ул. Дубровинского в центр;51,7543529799696;36,2137430906296;Трамвай;417
Ул. Интернациональная Ул. Дубровинского из центра;51,7540375067937;36,2133622169495;Трамвай;417
Ул. Маяковского Ул. Октябрьская в центр;51,7565114215252;36,2229162454605;Трамвай;667
Ул. Маяковского Ул. Октябрьская из центра;51,756541306915;36,2230557203293;Трамвай;667
Ул. Первомайская  Ул. Октябрьская в центр;51,7609608062533;36,2252497673035;Трамвай;667
Ул. Первомайская  Ул. Октябрьская из центра;51,7610836561787;36,2251800298691;Трамвай;667
Ул. Фрунзе Ул.Фрунзе в центр;51,7606420589422;36,2292945384979;Трамвай;667
Ул. Фрунзе Ул.Фрунзе из центра;51,7606586604202;36,228940486908;Трамвай;667
Ул. Ильича ул. 8-е Марта в центр;51,7585336216208;36,2374484539032;Трамвай;667
Ул. Ильича ул. 8-е Марта из центра;51,7584107647571;36,2374001741409;Трамвай;667
Ул. Цюрупы ул. 8-е Марта в центр;51,7546153191429;36,2413001060486;Трамвай;667
Ул. Цюрупы ул. 8-е Марта из центра;51,7550636167346;36,2408173084259;Трамвай;667
Ул. Каширцева ул. 8-е Марта в центр;51,7503479674353;36,2449479103088;Трамвай;667
Ул. Каширцева ул. 8-е Марта из центра;51,7506601453534;36,2445509433746;Трамвай;667
Ул. Союзная ул. 8-е Марта в центр;51,745927429382;36,2470293045044;Трамвай;417
Ул. Союзная ул. 2-я Рабочая из центра;51,7470898967873;36,2469381093979;Трамвай;417
Ул. Республиканская ул. 2-я Рабочая  в центр;51,7422505141124;36,2459939718246;Трамвай;417
Ул. Республиканская ул. 2-я Рабочая  из центра;51,7425727128687;36,2459617853165;Трамвай;417
АО «Счетмаш»                                ул. 2-я Рабочая  в центр;51,7400382420471;36,2455326318741;Трамвай;417
АО «Счетмаш»                                ул. 2-я Рабочая  из центра;51,7402807336103;36,2453985214233;Трамвай;417
Объединение «Электроагрегат» ул. 2-я Агрегатная в центр;51,7384005594734;36,2495452165604;Трамвай;417
Объединение «Электроагрегат» ул. 2-я Агрегатная из центра;51,73833744273;36,2493628263474;Трамвай;417
Восточное депо ( по треб.) ул. 2-я Агрегатная  в центр;51,7381647017183;36,2525278329849;Трамвай;417
Восточное депо ( по треб.) ул. 2-я Агрегатная  из центра;51,738247750364;36,2527102231979;Трамвай;417
Сады ул. 2-я Агрегатная  в центр;51,7383474085375;36,2587773799896;Трамвай;667
Сады ул. 2-я Агрегатная  из центра;51,7382909355995;36,258670091629;Трамвай;667
Ул. Коллективная  ул. Коллективная  в центр;51,7376165768282;36,2625378370285;Трамвай;667
Ул. Коллективная  ул. Коллективная  из центра;51,7372976647418;36,2630152702332;Трамвай;667
Ул. Молодежная  ( по треб) ул. Коллективная  в центр;51,734922363292;36,2625861167908;Трамвай;667
Ул. Молодежная  ( по треб) ул. Коллективная  из центра;51,7349589073369;36,2625002861023;Трамвай;667
ЗАО «КПК» Ул.3-я Агрегатная конечная;51,7317728200499;36,2625968456268;Трамвай;667
