Дубрава магазин;51,6654552648987;36,1742663383484;Автобусы, маршрутки, троллейбусы;450
12-й Суворовский переулок;51,7243698648759;36,1506414413452;Автобусы, маршрутки, троллейбусы;450
1-й Весенний проезд;51,7383673401458;36,2694847583771;Автобусы, маршрутки, троллейбусы;450
1-й Весенний проезд;51,7384935734609;36,269291639328;Автобусы, маршрутки, троллейбусы;450
1-й Северо-западный район;51,7377594221371;36,1243611574173;Автобусы, маршрутки, троллейбусы;450
1-я Агрегатная;51,7388623055989;36,2704503536224;Автобусы, маршрутки, троллейбусы;450
1-я Агрегатная ул.;51,7373940030052;36,2762010097504;Автобусы, маршрутки, троллейбусы;450
1-я Пушкарная улица;51,7531707744084;36,1834448575974;Автобусы, маршрутки, троллейбусы;450
1-я Пушкарная улица;51,7533434580496;36,1820876598358;Автобусы, маршрутки, троллейбусы;450
1-я Стрелецкая улица;51,7300384841835;36,2232863903046;Автобусы, маршрутки, троллейбусы;450
1-я Стрелецкая улица;51,7303707375869;36,2238335609436;Автобусы, маршрутки, троллейбусы;450
1-я Строительная;51,6472912684383;36,1106657981873;Автобусы, маршрутки, троллейбусы;450
1-я Щигровская улица;51,7494180629787;36,2557625770569;Автобусы, маршрутки, троллейбусы;450
2-й Весенний проезд;51,73515159363;36,2672209739685;Автобусы, маршрутки, троллейбусы;450
2-й Весенний проезд;51,7356233393627;36,2677466869354;Автобусы, маршрутки, троллейбусы;450
2-я Агрегатная улица;51,7328160475007;36,2742590904236;Автобусы, маршрутки, троллейбусы;450
2-я Восточная;51,7629263649486;36,256856918335;Автобусы, маршрутки, троллейбусы;450
2-я Новоселовка улица;51,7370285809182;36,2259578704834;Автобусы, маршрутки, троллейбусы;450
2-я Новоселовка улица;51,7373342068659;36,225711107254;Автобусы, маршрутки, троллейбусы;450
2-я Орловская улица;51,7658944620127;36,1523258686066;Автобусы, маршрутки, троллейбусы;450
2-я рабочая улица;51,7423302336062;36,2452590465546;Автобусы, маршрутки, троллейбусы;450
2-я рабочая улица;51,7424896721719;36,2452429533005;Автобусы, маршрутки, троллейбусы;450
3-й Весенний проезд;51,7338060945946;36,2663304805756;Автобусы, маршрутки, троллейбусы;450
3-й Весенний проезд;51,7338991180391;36,2667489051819;Автобусы, маршрутки, троллейбусы;450
3-я Агрегатная улица;51,7300384841835;36,2581551074982;Автобусы, маршрутки, троллейбусы;450
3-я Агрегатная улица;51,7305833784834;36,2574148178101;Автобусы, маршрутки, троллейбусы;450
3-я Кислинская улица;51,6420716836252;36,1390435695648;Автобусы, маршрутки, троллейбусы;450
3-я Кислинская улица;51,6422581077156;36,1393117904663;Автобусы, маршрутки, троллейбусы;450
3-я Щигровская улица;51,7650113573285;36,2551939487457;Автобусы, маршрутки, троллейбусы;450
4-й микрорайон;51,8133707452928;36,1633658409119;Автобусы, маршрутки, троллейбусы;450
4-й микрорайон;51,8134503392371;36,1636233329773;Автобусы, маршрутки, троллейбусы;450
4-я Кислинская улица;51,639801243017;36,138710975647;Автобусы, маршрутки, троллейбусы;450
4-я Кислинская улица;51,6399077764965;36,1389684677124;Автобусы, маршрутки, троллейбусы;450
50 лет Октября;51,7205948214128;36,1672174930573;Автобусы, маршрутки, троллейбусы;450
50 Лет Октября улица;51,7208839424008;36,1663538217545;Автобусы, маршрутки, троллейбусы;450
5-я Кислинская улица;51,6367782512306;36,1387753486633;Автобусы, маршрутки, троллейбусы;450
5-я Кислинская улица;51,6368847918118;36,13853931427;Автобусы, маршрутки, троллейбусы;450
75 лет Курской области;51,7643871977336;36,1771845817566;Автобусы, маршрутки, троллейбусы;450
7-й промышленный пер;51,6657114656136;36,0648858547211;Автобусы, маршрутки, троллейбусы;450
9 января улица;51,7207078114443;36,1925482749939;Автобусы, маршрутки, троллейбусы;450
9 января улица;51,7208972352753;36,1924839019775;Автобусы, маршрутки, троллейбусы;450
Авиацентр;51,659698685065;36,174373626709;Автобусы, маршрутки, троллейбусы;450
Авиацентр;51,6597752224263;36,1734080314636;Автобусы, маршрутки, троллейбусы;450
Автовокзал;51,7497501739109;36,1406099796295;Автобусы, маршрутки, троллейбусы;450
Автовокзал;51,7500158608985;36,1407226324081;Автобусы, маршрутки, троллейбусы;450
Авторынок;51,7614787658347;36,1311793327332;Автобусы, маршрутки, троллейбусы;450
Авторынок;51,7616580581515;36,1312007904053;Автобусы, маршрутки, троллейбусы;450
Авторынок;51,7620598031652;36,1321663856506;Автобусы, маршрутки, троллейбусы;450
Авторынок;51,7621361675155;36,1323273181915;Автобусы, маршрутки, троллейбусы;450
Автоцентр "КАМАЗ";51,6524969394023;36,1634302139282;Автобусы, маршрутки, троллейбусы;450
Автоцентр "КАМАЗ";51,6525102523724;36,1627864837646;Автобусы, маршрутки, троллейбусы;450
Автоцентр "Южный";51,6879488231907;36,1530339717865;Автобусы, маршрутки, троллейбусы;450
АЗС;51,6168241159346;36,1083912849426;Автобусы, маршрутки, троллейбусы;450
АЗС;51,6171305541805;36,1088418960571;Автобусы, маршрутки, троллейбусы;450
Аллейная улица;51,6558649961839;36,1051940917969;Автобусы, маршрутки, троллейбусы;450
Аллея подводников;51,7283173724616;36,1418277025223;Автобусы, маршрутки, троллейбусы;450
Аллея подводников;51,7283838258679;36,1428254842758;Автобусы, маршрутки, троллейбусы;450
АО "Сейм";51,6621810918395;36,1309325695038;Автобусы, маршрутки, троллейбусы;450
АО ПАТП города Курск;51,7575872830958;36,1351329088211;Автобусы, маршрутки, троллейбусы;450
АО ПАТП города Курск;51,7579890643308;36,1351865530014;Автобусы, маршрутки, троллейбусы;450
Аптека;51,7414599548513;36,2586486339569;Автобусы, маршрутки, троллейбусы;450
Аптека;51,7414732416758;36,2584447860718;Автобусы, маршрутки, троллейбусы;450
АТХ-2;51,7587627321763;36,1207509040833;Автобусы, маршрутки, троллейбусы;450
АТХ-2;51,7588490633885;36,1203217506409;Автобусы, маршрутки, троллейбусы;450
Аэродромная;51,7344605769068;36,1542946100235;Автобусы, маршрутки, троллейбусы;450
Аэродромная;51,7354074000258;36,1530125141144;Автобусы, маршрутки, троллейбусы;450
Аэродромная;51,735553574459;36,1524975299835;Автобусы, маршрутки, троллейбусы;450
Аэропорт;51,7487704396374;36,2826597690582;Автобусы, маршрутки, троллейбусы;450
Аэропортовская улица;51,7457381104291;36,2663626670837;Автобусы, маршрутки, троллейбусы;450
Аэропортовская улица;51,7459241080037;36,265686750412;Автобусы, маршрутки, троллейбусы;450
База "Строитель";51,7421110046597;36,2476408481598;Автобусы, маршрутки, троллейбусы;450
База "Строитель";51,7422372275164;36,2479197978973;Автобусы, маршрутки, троллейбусы;450
Баки (Дряблово);51,7369156316753;35,982928276062;Автобусы, маршрутки, троллейбусы;450
Баки (Дряблово);51,7369422079932;35,9834003448486;Автобусы, маршрутки, троллейбусы;450
Баки 1;51,7773334220817;36,118535399437;Автобусы, маршрутки, троллейбусы;450
Баки 2;51,771996044098;36,1157512664795;Автобусы, маршрутки, троллейбусы;450
Белгородская улица;51,6662338444008;36,1442577838898;Автобусы, маршрутки, троллейбусы;450
Белинского улица;51,7231935207021;36,1823183298111;Автобусы, маршрутки, троллейбусы;450
Березовая роща поселок;51,7767559004443;36,1188304424286;Автобусы, маршрутки, троллейбусы;450
Березовая роща поселок;51,7769284938919;36,1190128326416;Автобусы, маршрутки, троллейбусы;450
Березовая улица;51,7744722942213;36,1512261629105;Автобусы, маршрутки, троллейбусы;450
Березовая улица;51,7744988484461;36,1515265703201;Автобусы, маршрутки, троллейбусы;450
Бойцов 9-й Дивизии улица;51,7313375810968;36,1544930934906;Автобусы, маршрутки, троллейбусы;450
Бойцов 9-й дивизии улица;51,731576796918;36,154927611351;Автобусы, маршрутки, троллейбусы;450
Бойцов 9-й Дивизии улица;51,7317628527925;36,1553460359573;Автобусы, маршрутки, троллейбусы;450
Бойцов 9-й Дивизии улица;51,7324838120722;36,1555337905884;Автобусы, маршрутки, троллейбусы;450
Большевиков улица;51,726958378876;36,1605817079544;Автобусы, маршрутки, троллейбусы;450
Большевиков улица;51,7271577447953;36,1596322059631;Автобусы, маршрутки, троллейбусы;450
Бочарова улица;51,7207144579079;36,1721742153168;Автобусы, маршрутки, троллейбусы;450
Братская улица;51,783440095102;36,209317445755;Автобусы, маршрутки, троллейбусы;450
Братская улица;51,7844555812213;36,2090277671814;Автобусы, маршрутки, троллейбусы;450
БСМП;51,7217247090216;36,1589080095291;Автобусы, маршрутки, троллейбусы;450
БСМП;51,7218077878785;36,1589455604553;Автобусы, маршрутки, троллейбусы;450
Бульвар;51,8099016393102;36,1638808250427;Автобусы, маршрутки, троллейбусы;450
Бульвар;51,8102664718153;36,1641383171082;Автобусы, маршрутки, троллейбусы;450
Бурцевка;51,7522874208396;36,1650609970093;Автобусы, маршрутки, троллейбусы;450
Бутко улица;51,7466747332908;36,2241876125336;Автобусы, маршрутки, троллейбусы;450
Бутко улица;51,7478836787706;36,2251746654511;Автобусы, маршрутки, троллейбусы;450
В. Косиново;51,8347433009324;36,056227684021;Автобусы, маршрутки, троллейбусы;450
В. Медведица;51,8461117812571;36,0907530784607;Автобусы, маршрутки, троллейбусы;450
В. Медведица;51,8461184092712;36,0910266637802;Автобусы, маршрутки, троллейбусы;450
Васильевский переулок;51,7159819284971;36,2066674232483;Автобусы, маршрутки, троллейбусы;450
Васильевский переулок;51,7160949300553;36,2070751190186;Автобусы, маршрутки, троллейбусы;450
Верхне Луговая;51,7456783253318;36,1676788330078;Автобусы, маршрутки, троллейбусы;450
Верхне Луговая;51,7463127076077;36,1691755056381;Автобусы, маршрутки, троллейбусы;450
Веспремская улица;51,7423767365793;36,1383783817291;Автобусы, маршрутки, троллейбусы;450
Веспремская улица;51,7424564558505;36,1375951766968;Автобусы, маршрутки, троллейбусы;450
Всемирное Общество Слепых;51,6964018087358;36,1421763896942;Автобусы, маршрутки, троллейбусы;450
Гагарина улица;51,6720960518141;36,1372357606888;Автобусы, маршрутки, троллейбусы;450
Гайдара улица;51,7238415106859;36,1836165189743;Автобусы, маршрутки, троллейбусы;450
Гараж ОАО "ПАТП";51,7580720765371;36,1365973949432;Автобусы, маршрутки, троллейбусы;450
Гараж ОЧП;51,7599115878668;36,1351597309113;Автобусы, маршрутки, троллейбусы;450
Гаражи;51,6716169895493;36,1652380228043;Автобусы, маршрутки, троллейбусы;450
Гаражи;51,6717400824204;36,1653238534927;Автобусы, маршрутки, троллейбусы;450
ГИБДД;51,791669520613;36,1687302589417;Автобусы, маршрутки, троллейбусы;450
ГИБДД;51,7917425168629;36,168966293335;Автобусы, маршрутки, троллейбусы;450
ГИБДД;51,7917956049705;36,1663055419922;Автобусы, маршрутки, троллейбусы;450
ГИБДД;51,7920743165098;36,1664235591888;Автобусы, маршрутки, троллейбусы;450
ГКЦ Лира;51,6674649043431;36,0698211193085;Автобусы, маршрутки, троллейбусы;450
Гоголя улица;51,746435597385;36,1903005838394;Автобусы, маршрутки, троллейбусы;450
Горелый лес;51,7305036382645;36,2447869777679;Автобусы, маршрутки, троллейбусы;450
Горелый лес;51,7305767334706;36,2445938587189;Автобусы, маршрутки, троллейбусы;450
Городская;51,6677077851914;36,0976195335388;Автобусы, маршрутки, троллейбусы;450
Городская;51,667814253098;36,0978555679321;Автобусы, маршрутки, троллейбусы;450
Гортоп склад;51,7237451435326;36,2171602249146;Автобусы, маршрутки, троллейбусы;450
Гортоп склад;51,7237983116426;36,2168490886688;Автобусы, маршрутки, троллейбусы;450
д. Н. Медведица;51,864527265408;36,0615921020508;Автобусы, маршрутки, троллейбусы;450
д. Н. Медведица;51,8649777837294;36,0616564750671;Автобусы, маршрутки, троллейбусы;450
Дальние парки;51,7706947965484;36,1807948350906;Автобусы, маршрутки, троллейбусы;450
Дальние парки;51,7709470821682;36,1809933185577;Автобусы, маршрутки, троллейбусы;450
Дейнеки улица;51,7094306790523;36,1473959684372;Автобусы, маршрутки, троллейбусы;450
Дейнеки улица;51,7095038083316;36,1479592323303;Автобусы, маршрутки, троллейбусы;450
Дейнеки улица;51,7099359334779;36,146999001503;Автобусы, маршрутки, троллейбусы;450
Деревня "Курица";51,8894778573479;36,0366475582123;Автобусы, маршрутки, троллейбусы;450
Детская поликлинника;51,7445357504896;36,1634624004364;Автобусы, маршрутки, троллейбусы;450
Детская поликлинника;51,7447748964524;36,164116859436;Автобусы, маршрутки, троллейбусы;450
Детский сад;51,7666580348431;36,256685256958;Автобусы, маршрутки, троллейбусы;450
Детский сад;51,7671228119815;36,2569427490234;Автобусы, маршрутки, троллейбусы;450
Детский санаторий;51,6913075941836;36,1091423034668;Автобусы, маршрутки, троллейбусы;450
Диспетчерский пункт КЗТЗ;51,7120399915481;36,1371177434921;Автобусы, маршрутки, троллейбусы;450
Диспетчерский пункт КЗТЗ;51,712113116609;36,1380350589752;Автобусы, маршрутки, троллейбусы;450
Диспетчерский пункт КЗТЗ;51,7123125479921;36,1377185583115;Автобусы, маршрутки, троллейбусы;450
Добролюбова площадь;51,722435859097;36,189866065979;Автобусы, маршрутки, троллейбусы;450
Добролюбова площадь;51,7227781376225;36,1885035037994;Автобусы, маршрутки, троллейбусы;450
Добролюбова площадь;51,7231802285026;36,1900001764297;Автобусы, маршрутки, троллейбусы;450
Добролюбова улица;51,724904858739;36,1870175600052;Автобусы, маршрутки, троллейбусы;450
Добролюбова улица;51,7251441086042;36,1872321367264;Автобусы, маршрутки, троллейбусы;450
Дом книги;51,7333841644246;36,1931598186493;Автобусы, маршрутки, троллейбусы;450
Дом ребенка;51,7564881773195;36,1501747369766;Автобусы, маршрутки, троллейбусы;450
Дом ребенка;51,7569829442577;36,1516070365906;Автобусы, маршрутки, троллейбусы;450
Драматический театр;51,737766066094;36,1933851242065;Автобусы, маршрутки, троллейбусы;450
Драматический театр;51,7390915159518;36,1938089132309;Автобусы, маршрутки, троллейбусы;450
Дружбы проспект;51,7439378800442;36,1421227455139;Автобусы, маршрутки, троллейбусы;450
Дружбы проспект;51,744316532245;36,1449176073074;Автобусы, маршрутки, троллейбусы;450
Дружбы проспект;51,7449110762267;36,1445635557175;Автобусы, маршрутки, троллейбусы;450
Дружининская;51,7225488445278;36,1801779270172;Автобусы, маршрутки, троллейбусы;450
Дряблово деревня;51,7542267909637;35,9888935089111;Автобусы, маршрутки, троллейбусы;450
Дряблово деревня;51,7544791686229;35,9890007972717;Автобусы, маршрутки, троллейбусы;450
Дубровинского;51,7535294243094;36,2130832672119;Автобусы, маршрутки, троллейбусы;450
Дубровинского улица;51,7542234701956;36,2131583690643;Автобусы, маршрутки, троллейбусы;450
Дубровинского улица;51,7579126929663;36,2182331085205;Автобусы, маршрутки, троллейбусы;450
Европа ТЦ;51,7504442778742;36,192199587822;Автобусы, маршрутки, троллейбусы;450
ЖД Переезд;51,7691810532151;36,2636804580688;Автобусы, маршрутки, троллейбусы;450
ЖД Переезд;51,7702898087887;36,2649571895599;Автобусы, маршрутки, троллейбусы;450
Железнодорожная больница;51,7567803893209;36,2197726964951;Автобусы, маршрутки, троллейбусы;450
Железнодорожний вокзал;51,7504808093663;36,2269932031631;Автобусы, маршрутки, троллейбусы;450
Жеребцово деревня;51,7128775988024;35,979688167572;Автобусы, маршрутки, троллейбусы;450
Жеребцово деревня;51,7131036171499;35,979677438736;Автобусы, маршрутки, троллейбусы;450
Завод "Волокно";51,6567768578302;36,0831248760223;Автобусы, маршрутки, троллейбусы;450
Завод "Волокно";51,6575555864631;36,082524061203;Автобусы, маршрутки, троллейбусы;450
Завод "Счетмаш";51,7401844015013;36,2454146146774;Автобусы, маршрутки, троллейбусы;450
Завод "Счетмаш";51,740307307949;36,2452697753906;Автобусы, маршрутки, троллейбусы;450
Завод "ФармСтандарт";51,7378956230576;36,244985461235;Автобусы, маршрутки, троллейбусы;450
Завод "ФармСтандарт";51,7381713456156;36,2448084354401;Автобусы, маршрутки, троллейбусы;450
Заводская улица;51,707426225957;36,1550563573837;Автобусы, маршрутки, троллейбусы;450
Заводская улица;51,7074727648469;36,1558502912521;Автобусы, маршрутки, троллейбусы;450
Заводская улица;51,7079680686379;36,1548686027527;Автобусы, маршрутки, троллейбусы;450
Заливная улица;51,6320768989071;36,1391723155975;Автобусы, маршрутки, троллейбусы;450
Заливная улица;51,6326829079389;36,1393654346466;Автобусы, маршрутки, троллейбусы;450
Запольная улица;51,7416924737169;36,1496597528458;Автобусы, маршрутки, троллейбусы;450
Запольная улица;51,7420910747027;36,1476749181747;Автобусы, маршрутки, троллейбусы;450
Запольная улица;51,7422405491658;36,1470365524292;Автобусы, маршрутки, троллейбусы;450
Запрудная ул;51,7028452352195;36,0850238800049;Автобусы, маршрутки, троллейбусы;450
Звездная улица;51,7300384841835;36,1471438407898;Автобусы, маршрутки, троллейбусы;450
Звездная улица;51,7302444815813;36,1495041847229;Автобусы, маршрутки, троллейбусы;450
Знаменская роща;51,7768222826177;36,1761224269867;Автобусы, маршрутки, троллейбусы;450
Знаменская роща;51,7782328807158;36,1766910552979;Автобусы, маршрутки, троллейбусы;450
Знаменский собор;51,7279817812674;36,1924570798874;Автобусы, маршрутки, троллейбусы;450
Ильича улица;51,758404123836;36,2372392416;Автобусы, маршрутки, троллейбусы;450
Ильича улица;51,758550223874;36,2376308441162;Автобусы, маршрутки, троллейбусы;450
Ильича улица;51,7644270379656;36,2528014183044;Автобусы, маршрутки, троллейбусы;450
Ильича улица;51,7644735181918;36,2535309791565;Автобусы, маршрутки, троллейбусы;450
Интернациональая улица;51,751676369164;36,2204217910767;Автобусы, маршрутки, троллейбусы;450
Интернациональая улица;51,7519354029489;36,2209957838058;Автобусы, маршрутки, троллейбусы;450
К. Маркса улица;51,7545787909949;36,1883586645126;Автобусы, маршрутки, троллейбусы;450
К.Блинова;51,7512778527477;36,2002623081207;Автобусы, маршрутки, троллейбусы;450
К.Блинова;51,7519387238853;36,2001442909241;Автобусы, маршрутки, троллейбусы;450
К\т Щепкина;51,7239910455171;36,1768412590027;Автобусы, маршрутки, троллейбусы;450
Кавказкая улица;51,7622291326373;36,1684942245483;Автобусы, маршрутки, троллейбусы;450
Кавказкая улица;51,7624881058956;36,1683762073517;Автобусы, маршрутки, троллейбусы;450
Казачий лог;51,7612729108151;36,1641705036163;Автобусы, маршрутки, троллейбусы;450
Казачий лог;51,7613857991679;36,16375207901;Автобусы, маршрутки, троллейбусы;450
Картодром;51,7871833425244;36,1713856458664;Автобусы, маршрутки, троллейбусы;450
Каширцева улица;51,7503878200556;36,2450498342514;Автобусы, маршрутки, троллейбусы;450
Каширцева улица;51,7505937247005;36,2444597482681;Автобусы, маршрутки, троллейбусы;450
КБО;51,6728479032081;36,161761879921;Автобусы, маршрутки, троллейбусы;450
КБО;51,6729011311523;36,1621534824371;Автобусы, маршрутки, троллейбусы;450
КГСХА;51,7650976765933;36,1836969852448;Автобусы, маршрутки, троллейбусы;450
КГСХА;51,765778265015;36,1828708648682;Автобусы, маршрутки, троллейбусы;450
КГСХА;51,7668738248239;36,1831444501877;Автобусы, маршрутки, троллейбусы;450
Кинотеатр "Родина";51,6680770946709;36,0824060440063;Автобусы, маршрутки, троллейбусы;450
Кинотеатр "Родина";51,6681935429815;36,0825133323669;Автобусы, маршрутки, троллейбусы;450
Кинотеатр им.Щепкина;51,7248516919303;36,178514957428;Автобусы, маршрутки, троллейбусы;450
Кинотетр "Спутник";51,6488956374124;36,1458992958069;Автобусы, маршрутки, троллейбусы;450
Кинотетр "Спутник";51,6489289224745;36,1469399929047;Автобусы, маршрутки, троллейбусы;450
Кинотетра "Сказка";51,740230906683;36,1341297626495;Автобусы, маршрутки, троллейбусы;450
Кинотетра "Сказка";51,7408753307025;36,1327993869781;Автобусы, маршрутки, троллейбусы;450
Кинотетра "Сказка";51,74118425236;36,1347037553787;Автобусы, маршрутки, троллейбусы;450
Кирова улица;51,7356465943067;36,1932456493378;Автобусы, маршрутки, троллейбусы;450
Кировский мост;51,7542367532664;36,2034541368485;Автобусы, маршрутки, троллейбусы;450
Кировский мост;51,7545854324785;36,2031322717667;Автобусы, маршрутки, троллейбусы;450
Кирпичная улица;51,7993202119896;36,165736913681;Автобусы, маршрутки, троллейбусы;450
Кирпичная улица;51,7995590678406;36,165919303894;Автобусы, маршрутки, троллейбусы;450
ККПФ;51,796248147563;36,1668312549591;Автобусы, маршрутки, троллейбусы;450
ККПФ;51,7962813243227;36,167174577713;Автобусы, маршрутки, троллейбусы;450
Кладбище Некрополь;51,7937598210192;36,1635053157806;Автобусы, маршрутки, троллейбусы;450
Кладбище Некрополь;51,7942176834109;36,1631619930267;Автобусы, маршрутки, троллейбусы;450
Клыкова;51,7228678606908;36,1365920305252;Автобусы, маршрутки, троллейбусы;450
Клыкова,79;51,7176868925859;36,1258417367935;Автобусы, маршрутки, троллейбусы;450
Клюквинский интернат;51,717829800886;36,2684440612793;Автобусы, маршрутки, троллейбусы;450
Кожзавод;51,7067347853808;36,1767661571503;Автобусы, маршрутки, троллейбусы;450
Кожзавод;51,7070705342882;36,1766266822815;Автобусы, маршрутки, троллейбусы;450
Колокольчиковая улица;51,6249240487741;36,1401379108429;Автобусы, маршрутки, троллейбусы;450
Колокольчиковая улица;51,6253370000329;36,1403524875641;Автобусы, маршрутки, троллейбусы;450
Кольцо;51,6642640789114;36,0673427581787;Автобусы, маршрутки, троллейбусы;450
Комарова пл.;51,7027587969734;36,142503619194;Автобусы, маршрутки, троллейбусы;450
Комарова пл.;51,7028020161171;36,143029332161;Автобусы, маршрутки, троллейбусы;450
Комарова улица;51,7012161789647;36,1490750312805;Автобусы, маршрутки, троллейбусы;450
Коммунальная улица;51,7544459611167;36,2571251392365;Автобусы, маршрутки, троллейбусы;450
Кондитерский комбинат;51,7376032888696;36,1901074647903;Автобусы, маршрутки, троллейбусы;450
Конно-спортивная школа;51,6467686712643;36,1271131038666;Автобусы, маршрутки, троллейбусы;450
Конно-спортивная школа;51,6468918316504;36,1274778842926;Автобусы, маршрутки, троллейбусы;450
Конорева улица;51,7082705669434;36,1371660232544;Автобусы, маршрутки, троллейбусы;450
Конти;51,6432101902243;36,1248385906219;Автобусы, маршрутки, троллейбусы;450
Конти;51,6432434794608;36,1251175403595;Автобусы, маршрутки, троллейбусы;450
Кореневская улица;51,7072600152449;36,0850989818573;Автобусы, маршрутки, троллейбусы;450
Кореневская улица;51,7077387004424;36,0853242874146;Автобусы, маршрутки, троллейбусы;450
Косиново поселок;51,8007699148412;36,1354601383209;Автобусы, маршрутки, троллейбусы;450
Косухина улица;51,7324107199502;36,1304926872253;Автобусы, маршрутки, троллейбусы;450
Косухина улица;51,732527002816;36,1311846971512;Автобусы, маршрутки, троллейбусы;450
КПК;51,7316930819293;36,2651181221008;Автобусы, маршрутки, троллейбусы;450
КПК;51,7319256510545;36,2654399871826;Автобусы, маршрутки, троллейбусы;450
КПК;51,7320253231703;36,2650322914124;Автобусы, маршрутки, троллейбусы;450
Красная площадь;51,7286330252714;36,1927735805511;Автобусы, маршрутки, троллейбусы;450
Красная площадь;51,7302544491735;36,1919260025024;Автобусы, маршрутки, троллейбусы;450
Красная площадь;51,7302710618223;36,1919367313385;Автобусы, маршрутки, троллейбусы;450
Красная площадь;51,7304371879745;36,1912339925766;Автобусы, маршрутки, троллейбусы;450
Краснознаменная улица;51,7471065032478;36,2406992912292;Автобусы, маршрутки, троллейбусы;450
Краснознаменная улица;51,7473788483289;36,2399697303772;Автобусы, маршрутки, троллейбусы;450
Краснополянская;51,6654086827949;36,1514139175415;Автобусы, маршрутки, троллейбусы;450
Кривецкий мост;51,7211597687466;36,2093603610992;Автобусы, маршрутки, троллейбусы;450
Кривецкий мост;51,7212794037469;36,2089419364929;Автобусы, маршрутки, троллейбусы;450
Кривецкий переулок;51,7183249912693;36,2018233537674;Автобусы, маршрутки, троллейбусы;450
Кривецкий переулок;51,7192688290623;36,2025368213654;Автобусы, маршрутки, троллейбусы;450
Крутой лог;51,7418950963241;36,1218988895416;Автобусы, маршрутки, троллейбусы;450
Крутой лог;51,742137577922;36,1222690343857;Автобусы, маршрутки, троллейбусы;450
Крюкова;51,6757686941834;36,0675036907196;Автобусы, маршрутки, троллейбусы;450
Курский Государственный Университе;51,7357495803432;36,1903703212738;Автобусы, маршрутки, троллейбусы;450
КурскМедСтекло;51,7599779948166;36,125568151474;Автобусы, маршрутки, троллейбусы;450
КурскМедСтекло;51,760084245733;36,1253428459167;Автобусы, маршрутки, троллейбусы;450
Курскснаббыт;51,6434032674557;36,1244094371796;Автобусы, маршрутки, троллейбусы;450
Курскснабсбыт;51,6438826280618;36,1243557929993;Автобусы, маршрутки, троллейбусы;450
Курскснабсбыт;51,6439558632637;36,1245274543762;Автобусы, маршрутки, троллейбусы;450
Ласточка СНТ;51,8358835929064;36,0736083984375;Автобусы, маршрутки, троллейбусы;450
Ласточка СНТ;51,8359764060986;36,0743165016174;Автобусы, маршрутки, троллейбусы;450
Лесная улица;51,6678708140716;36,0911875963211;Автобусы, маршрутки, троллейбусы;450
Лесная улица;51,6679639731682;36,0919547080994;Автобусы, маршрутки, троллейбусы;450
Лицей №21;51,6977450961469;36,136372089386;Автобусы, маршрутки, троллейбусы;450
Ломакина улица;51,7581716909831;36,1865025758743;Автобусы, маршрутки, троллейбусы;450
Льговский поворот;51,6617950964981;36,136736869812;Автобусы, маршрутки, троллейбусы;450
Льговский поворот;51,6617950964981;36,137090921402;Автобусы, маршрутки, троллейбусы;450
Льговский поворот;51,6626203239178;36,136200428009;Автобусы, маршрутки, троллейбусы;450
Льговский поворот;51,6630462418668;36,1365973949432;Автобусы, маршрутки, троллейбусы;450
М/р-он Заря;51,7713852591038;36,196346282959;Автобусы, маршрутки, троллейбусы;450
М/р-он Заря;51,7722217668954;36,1963248252869;Автобусы, маршрутки, троллейбусы;450
Магазин;51,6736496424931;36,1566334962845;Автобусы, маршрутки, троллейбусы;450
Магазин;51,6738126499893;36,1562418937683;Автобусы, маршрутки, троллейбусы;450
Магазин;51,6968274090625;36,0395979881287;Автобусы, маршрутки, троллейбусы;450
Магазин;51,6969338085188;36,0406601428986;Автобусы, маршрутки, троллейбусы;450
Магазин;51,6997134056779;36,1374396085739;Автобусы, маршрутки, троллейбусы;450
Магазин;51,7487870454801;36,1506736278534;Автобусы, маршрутки, троллейбусы;450
Магазин;51,8015494840583;36,1375683546066;Автобусы, маршрутки, троллейбусы;450
Магазин "Колос";51,7226551834989;36,164116859436;Автобусы, маршрутки, троллейбусы;450
Магазин "Колос";51,7234859481011;36,163923740387;Автобусы, маршрутки, троллейбусы;450
Магазин Полет;51,7460237492464;36,2581658363342;Автобусы, маршрутки, троллейбусы;450
Магистр проезд;51,6490620624787;36,1519718170166;Автобусы, маршрутки, троллейбусы;450
Магистр проезд;51,6491419462936;36,1529695987701;Автобусы, маршрутки, троллейбусы;450
Магистр.проезд;51,6500872274137;36,1292213201523;Автобусы, маршрутки, троллейбусы;450
Магистральная улица;51,6510091903625;36,1301708221436;Автобусы, маршрутки, троллейбусы;450
Майская заря поселок;51,7032175826996;36,0561203956604;Автобусы, маршрутки, троллейбусы;450
Майская заря поселок;51,7032973710466;36,0558521747589;Автобусы, маршрутки, троллейбусы;450
Майский бульвар;51,7293839378338;36,1352348327637;Автобусы, маршрутки, троллейбусы;450
Майский бульвар;51,7294769703801;36,1354279518127;Автобусы, маршрутки, троллейбусы;450
Малых улица;51,7147189506919;36,2138342857361;Автобусы, маршрутки, троллейбусы;450
Малышева;51,6998264478823;36,1406582593918;Автобусы, маршрутки, троллейбусы;450
Масловка улица;51,7555617199506;36,1620998382568;Автобусы, маршрутки, троллейбусы;450
Метеостанция;51,7744025893069;36,1776673793793;Автобусы, маршрутки, троллейбусы;450
Метеостанция;51,7746083844582;36,1789065599442;Автобусы, маршрутки, троллейбусы;450
Мир с\о ;51,7478703938313;36,0802924633026;Автобусы, маршрутки, троллейбусы;450
Мир с\о ;51,7479899581447;36,0804104804993;Автобусы, маршрутки, троллейбусы;450
Мостовая улица;51,6210607743109;36,1409747600555;Автобусы, маршрутки, троллейбусы;450
Мосты;51,75494075043;36,2292623519897;Автобусы, маршрутки, троллейбусы;450
Налоговая инспекция;51,7006576318894;36,1619281768799;Автобусы, маршрутки, троллейбусы;450
Налоговая инспекция;51,700883711298;36,1613380908966;Автобусы, маршрутки, троллейбусы;450
Народная улица;51,6677843090245;36,1408460140228;Автобусы, маршрутки, троллейбусы;450
Народная улица;51,6679207207543;36,1402505636215;Автобусы, маршрутки, троллейбусы;450
Нижняя Казацкая улица;51,7586830416802;36,1577063798904;Автобусы, маршрутки, троллейбусы;450
Нижняя Казацкая улица;51,7591080560345;36,1595034599304;Автобусы, маршрутки, троллейбусы;450
Нижняя Казацкая улица;51,7592707557832;36,1587899923325;Автобусы, маршрутки, троллейбусы;450
Никитская улица;51,7544559233711;36,1894369125366;Автобусы, маршрутки, троллейбусы;450
Никитская улица;51,7551765206118;36,18931889534;Автобусы, маршрутки, троллейбусы;450
Новая Восточная улица;51,7612729108151;36,2443470954895;Автобусы, маршрутки, троллейбусы;450
Новая Восточная улица;51,7612795513143;36,2438106536865;Автобусы, маршрутки, троллейбусы;450
Новоселовский переулок;51,7344771880096;36,2248957157135;Автобусы, маршрутки, троллейбусы;450
Новоселовский переулок;51,7345170546316;36,2252604961395;Автобусы, маршрутки, троллейбусы;450
ОАО Курскгаз;51,7340984533469;36,1470901966095;Автобусы, маршрутки, троллейбусы;450
ОАО Курскгаз;51,7341549315243;36,1478573083878;Автобусы, маршрутки, троллейбусы;450
Областная больница;51,7110760592412;36,1419939994812;Автобусы, маршрутки, троллейбусы;450
Областная больница;51,7111558337291;36,142321228981;Автобусы, маршрутки, троллейбусы;450
Областная больница;51,7132465399338;36,1434370279312;Автобусы, маршрутки, троллейбусы;450
Областная детская больница;51,7178497415431;36,1679899692535;Автобусы, маршрутки, троллейбусы;450
Областная детская больница;51,7180325304904;36,1679953336716;Автобусы, маршрутки, троллейбусы;450
Областной перинатальный центр;51,7143334030719;36,1348915100098;Автобусы, маршрутки, троллейбусы;450
Областной сборный пункт;51,7467278744313;36,2450551986694;Автобусы, маршрутки, троллейбусы;450
Областной сборный пункт;51,7469670087899;36,2446796894073;Автобусы, маршрутки, троллейбусы;450
Обоянская улица;51,6743615484686;36,1526799201965;Автобусы, маршрутки, троллейбусы;450
Объездная дорога;51,7574544620666;36,1081552505493;Автобусы, маршрутки, троллейбусы;450
Окружная улица;51,6285672148606;36,1399126052856;Автобусы, маршрутки, троллейбусы;450
Окружная улица;51,6286471347861;36,139612197876;Автобусы, маршрутки, троллейбусы;450
Октябрьская улица;51,7558971063543;36,2235760688782;Автобусы, маршрутки, троллейбусы;450
Октябрьская улица;51,7560731002034;36,2234205007553;Автобусы, маршрутки, троллейбусы;450
Ольшанского улица;51,7060765773215;36,145191192627;Автобусы, маршрутки, троллейбусы;450
Онкологический диспансер;51,6494814509362;36,1736869812012;Автобусы, маршрутки, троллейбусы;450
Орловская улица;51,7473589206957;36,1348861455917;Автобусы, маршрутки, троллейбусы;450
Орловская улица;51,747524984037;36,1345911026001;Автобусы, маршрутки, троллейбусы;450
Ортопедический центр;51,6644803580238;36,1196780204773;Автобусы, маршрутки, троллейбусы;450
п.Татаренкова;51,8151416773196;36,1366724967957;Автобусы, маршрутки, троллейбусы;450
Павлова улица;51,7479102486376;36,1900216341019;Автобусы, маршрутки, троллейбусы;450
Павлуновского улица;51,7222829960059;36,1719542741776;Автобусы, маршрутки, троллейбусы;450
Павлуновского улица;51,7224292128864;36,1718094348907;Автобусы, маршрутки, троллейбусы;450
Памятник;51,7156462457324;36,0971689224243;Автобусы, маршрутки, троллейбусы;450
Памятник;51,7157825132938;36,0973620414734;Автобусы, маршрутки, троллейбусы;450
Памятник им. Тамчишина;51,7794111112098;36,1955684423447;Автобусы, маршрутки, троллейбусы;450
Парк героев;51,7438415557324;36,1900162696838;Автобусы, маршрутки, троллейбусы;450
Парк Дзержинского;51,719411732363;36,1717021465302;Автобусы, маршрутки, троллейбусы;450
Парк Дзержинского;51,7194516122733;36,1724102497101;Автобусы, маршрутки, троллейбусы;450
Парк Дзержинского;51,7207443669822;36,1725229024887;Автобусы, маршрутки, троллейбусы;450
Парковая;51,6688423209469;36,1528730392456;Автобусы, маршрутки, троллейбусы;450
Парусная улица;51,6704858502079;36,1681723594666;Автобусы, маршрутки, троллейбусы;450
Парусная улица;51,6705058117352;36,1684834957123;Автобусы, маршрутки, троллейбусы;450
Перекальского площадь;51,7476777617718;36,1946082115173;Автобусы, маршрутки, троллейбусы;450
Перекальского площадь;51,7487571549588;36,1943024396896;Автобусы, маршрутки, троллейбусы;450
Перекальского площадь;51,7488202571471;36,1961209774017;Автобусы, маршрутки, троллейбусы;450
Петренский поворот;51,654091139767;36,1678129434586;Автобусы, маршрутки, троллейбусы;450
Петренский поворот;51,6541111085183;36,1701732873917;Автобусы, маршрутки, троллейбусы;450
Петренский поворот;51,654663573815;36,1703127622604;Автобусы, маршрутки, троллейбусы;450
Пионеров;51,7154501526675;36,1656457185745;Автобусы, маршрутки, троллейбусы;450
Пионеров улица;51,7153836802492;36,1661070585251;Автобусы, маршрутки, троллейбусы;450
Пирогова;51,7223826893848;36,1542141437531;Автобусы, маршрутки, троллейбусы;450
пл. Героев Курской битвы;51,7586896825602;36,1871516704559;Автобусы, маршрутки, троллейбусы;450
Планерная улица;51,7465950214629;36,1426913738251;Автобусы, маршрутки, троллейбусы;450
Планерная улица;51,7470732903207;36,142852306366;Автобусы, маршрутки, троллейбусы;450
Плевицкой пр-т,37;51,7181754376982;36,1189484596252;Автобусы, маршрутки, троллейбусы;450
Площадь Героев Курской битвы;51,7588025773717;36,1873716115952;Автобусы, маршрутки, троллейбусы;450
Площадь Дзержинского;51,7194516122733;36,1633604764938;Автобусы, маршрутки, троллейбусы;450
Площадь Дзержинского;51,7200963326093;36,1653399467468;Автобусы, маршрутки, троллейбусы;450
По требованию;51,662001404762;36,1747813224792;Автобусы, маршрутки, троллейбусы;450
По требованию;51,7430211299941;36,2588149309158;Автобусы, маршрутки, троллейбусы;450
По требованию;51,743190530861;36,259029507637;Автобусы, маршрутки, троллейбусы;450
По требованию;51,7448645758621;36,1242377758026;Автобусы, маршрутки, троллейбусы;450
По требованию;51,7568899683339;36,1818408966064;Автобусы, маршрутки, троллейбусы;450
пов. на Жуково;51,7241439028334;36,3298773765564;Автобусы, маршрутки, троллейбусы;450
пов. на Жуково;51,7243432811648;36,3299632072449;Автобусы, маршрутки, троллейбусы;450
пов. на Халино;51,7226153064141;36,3360464572906;Автобусы, маршрутки, троллейбусы;450
пов. на Халино;51,7228279837935;36,3362181186676;Автобусы, маршрутки, троллейбусы;450
Пов.на Цветово;51,6284739747696;36,1153113842011;Автобусы, маршрутки, троллейбусы;450
Пов.на Цветово;51,6293863874221;36,1163413524628;Автобусы, маршрутки, троллейбусы;450
Поворот на "Росинку";51,7907537394394;36,1701464653015;Автобусы, маршрутки, троллейбусы;450
Поворот на "Росинку";51,7908599179197;36,1698567867279;Автобусы, маршрутки, троллейбусы;450
Поворот на Гремячку;51,7558805031256;36,1068785190582;Автобусы, маршрутки, троллейбусы;450
Поворот на Гремячку;51,7562324902672;36,1074149608612;Автобусы, маршрутки, троллейбусы;450
Поворот на детский санаторий;51,7123923202992;36,1148124933243;Автобусы, маршрутки, троллейбусы;450
Поворот на детский санаторий;51,7125585121536;36,116014122963;Автобусы, маршрутки, троллейбусы;450
Поворот на детский санаторий;51,7127346748527;36,1157298088074;Автобусы, маршрутки, троллейбусы;450
Поворот на Дряблово;51,7456185401554;36,1001515388489;Автобусы, маршрутки, троллейбусы;450
Поворот на Дряблово;51,7456451113547;36,0991108417511;Автобусы, маршрутки, троллейбусы;450
Поворот на Дряблово;51,7456982537064;36,1007308959961;Автобусы, маршрутки, троллейбусы;450
Поворот на Дряблово;51,7457779671167;36,0995292663574;Автобусы, маршрутки, троллейбусы;450
Поворот на объездную;51,7144929404167;36,0792195796967;Автобусы, маршрутки, троллейбусы;450
Поворот на объездную;51,7146990086542;36,0803997516632;Автобусы, маршрутки, троллейбусы;450
Поворот на объездную;51,7148917813167;36,0808396339417;Автобусы, маршрутки, троллейбусы;450
Поворот на объездную;51,7151510260155;36,0799813270569;Автобусы, маршрутки, троллейбусы;450
Поворот на Учхоз;51,7837719558254;36,1714017391205;Автобусы, маршрутки, троллейбусы;450
Поворот на Хмелевое;51,8329399895703;36,1132836341858;Автобусы, маршрутки, троллейбусы;450
Поворот на Хмелевое;51,8333709345137;36,1133909225464;Автобусы, маршрутки, троллейбусы;450
Поворот на школу-интернат;51,7218775740003;36,2574791908264;Автобусы, маршрутки, троллейбусы;450
Поворот на школу-интернат;51,7221833024071;36,2578654289246;Автобусы, маршрутки, троллейбусы;450
Полевая улица;51,7169590502826;36,2003856897354;Автобусы, маршрутки, троллейбусы;450
Полевая улица;51,7169856383355;36,2008845806122;Автобусы, маршрутки, троллейбусы;450
Полевая улица;51,7170221968826;36,2001711130142;Автобусы, маршрутки, троллейбусы;450
Полевая улица;51,7174775144935;36,2001067399979;Автобусы, маршрутки, троллейбусы;450
Полет;51,7451103629613;36,2594318389893;Автобусы, маршрутки, троллейбусы;450
Полет;51,7455587548998;36,2580370903015;Автобусы, маршрутки, троллейбусы;450
Полет;51,7458510376193;36,2574470043182;Автобусы, маршрутки, троллейбусы;450
Поликлиника №5;51,7426158939708;36,1522722244263;Автобусы, маршрутки, троллейбусы;450
Поликлиника №5;51,7427221857384;36,1520254611969;Автобусы, маршрутки, троллейбусы;450
Поликлиника №7;51,7039755663156;36,1527228355408;Автобусы, маршрутки, троллейбусы;450
Понизовка улица;51,7733370865001;36,1516714096069;Автобусы, маршрутки, троллейбусы;450
Поселок "Духовец";51,6936752116891;36,0328280925751;Автобусы, маршрутки, троллейбусы;450
Поселок 2-я Моква;51,7024662355304;36,0712587833405;Автобусы, маршрутки, троллейбусы;450
Поселок 2-я Моква;51,7025526743355;36,0716986656189;Автобусы, маршрутки, троллейбусы;450
Поселок 2-я Моква;51,7026457620947;36,0712909698486;Автобусы, маршрутки, троллейбусы;450
Поселок Родники;51,7262306858089;36,139612197876;Автобусы, маршрутки, троллейбусы;450
Поселок Родники;51,7264533146119;36,139258146286;Автобусы, маршрутки, троллейбусы;450
Послелок "Северный";51,8218268158658;36,1605441570282;Автобусы, маршрутки, троллейбусы;450
Почтовая улица;51,7318193338886;36,1903542280197;Автобусы, маршрутки, троллейбусы;450
Почтовая улица;51,7327263441757;36,1901289224625;Автобусы, маршрутки, троллейбусы;450
Почтовая улица;51,7334439657906;36,1903488636017;Автобусы, маршрутки, троллейбусы;450
Почтовая улица;51,7342014429115;36,1900645494461;Автобусы, маршрутки, троллейбусы;450
Прибой кафе;51,7201229188176;36,3615810871124;Автобусы, маршрутки, троллейбусы;450
Прибой кафе;51,7203688405029;36,3614308834076;Автобусы, маршрутки, троллейбусы;450
Проспект "Клыкова";51,7232799199032;36,1363506317139;Автобусы, маршрутки, троллейбусы;450
Проспект Дериглазова;51,8046079190553;36,1640954017639;Автобусы, маршрутки, троллейбусы;450
Проспект Дериглазова;51,804641089664;36,1643421649933;Автобусы, маршрутки, троллейбусы;450
Проспект Победы;51,7802806587718;36,1741214990616;Автобусы, маршрутки, троллейбусы;450
Проспект Хрущева;51,7322346338982;36,1411303281784;Автобусы, маршрутки, троллейбусы;450
Профилакторий «Маяк»;51,7020606358552;36,11368060112;Автобусы, маршрутки, троллейбусы;450
Профилакторий «Маяк»;51,7022202164892;36,1136054992676;Автобусы, маршрутки, троллейбусы;450
Пр-т Ленинского Комсомола;51,6657680292126;36,0713768005371;Автобусы, маршрутки, троллейбусы;450
Птицефабрика;51,7732441442525;36,277756690979;Автобусы, маршрутки, троллейбусы;450
Птицефабрика;51,7735628025904;36,2781643867493;Автобусы, маршрутки, троллейбусы;450
ПТУ №15;51,741406807514;36,2651932239532;Автобусы, маршрутки, троллейбусы;450
ПТУ №15;51,7417589074588;36,2650644779205;Автобусы, маршрутки, троллейбусы;450
Пучковка улица;51,7538415802383;36,1376702785492;Автобусы, маршрутки, троллейбусы;450
Пучковка улица;51,7542865647473;36,1377024650574;Автобусы, маршрутки, троллейбусы;450
Пучковка улица;51,755149955019;36,1378955841064;Автобусы, маршрутки, троллейбусы;450
Пучковка улица;51,7552296517504;36,1404168605804;Автобусы, маршрутки, троллейбусы;450
Районный суд;51,7416858303374;36,2519323825836;Автобусы, маршрутки, троллейбусы;450
Районный суд;51,7418652012425;36,2519109249115;Автобусы, маршрутки, троллейбусы;450
Реалибитационный центр Ф. Печёрского;51,7095038083316;36,1145603656769;Автобусы, маршрутки, троллейбусы;450
Реалибитационный центр Ф. Печёрского;51,7096201501233;36,1147320270538;Автобусы, маршрутки, троллейбусы;450
Резинщик с/о ;51,6088093550001;36,1113524436951;Автобусы, маршрутки, троллейбусы;450
Республиканская улица;51,7420777880598;36,2458437681198;Автобусы, маршрутки, троллейбусы;450
Республиканская улица;51,7425727128687;36,2458598613739;Автобусы, маршрутки, троллейбусы;450
Рокосовского площадь;51,6714073982151;36,1424285173416;Автобусы, маршрутки, троллейбусы;450
Рокосовского площадь;51,6715404721905;36,1432600021362;Автобусы, маршрутки, троллейбусы;450
Рокосовского площадь;51,6722623916932;36,141961812973;Автобусы, маршрутки, троллейбусы;450
Росинка улица;51,7937531852982;36,1906063556671;Автобусы, маршрутки, троллейбусы;450
Росинка улица;51,793972163576;36,1908531188965;Автобусы, маршрутки, троллейбусы;450
Роща невест;51,7808481788678;36,159428358078;Автобусы, маршрутки, троллейбусы;450
Роща невест;51,7808647729153;36,1588758230209;Автобусы, маршрутки, троллейбусы;450
РТИ;51,6619281987114;36,1250102519989;Автобусы, маршрутки, троллейбусы;450
РТИ;51,6619814394872;36,124307513237;Автобусы, маршрутки, троллейбусы;450
Рынок;51,6488623523258;36,1394512653351;Автобусы, маршрутки, троллейбусы;450
Рынок;51,667198732055;36,0751748085022;Автобусы, маршрутки, троллейбусы;450
Рынок;51,6687691259492;36,0741394758224;Автобусы, маршрутки, троллейбусы;450
Рынок;51,8067904930775;36,1790835857391;Автобусы, маршрутки, троллейбусы;450
Рынок "Волокно";51,6694145686708;36,0737800598145;Автобусы, маршрутки, троллейбусы;450
С/о "Ивушка";51,8612409952799;36,1634838581085;Автобусы, маршрутки, троллейбусы;450
с/о Агропром;51,8325421905776;36,066312789917;Автобусы, маршрутки, троллейбусы;450
с/о Агропром;51,8326416406552;36,066666841507;Автобусы, маршрутки, троллейбусы;450
с/о Ветеран;51,7448081110694;36,0500693321228;Автобусы, маршрутки, троллейбусы;450
с/о Ветеран;51,7450339698169;36,050112247467;Автобусы, маршрутки, троллейбусы;450
с/о Звёздочка;51,7564184446306;36,3988208770752;Автобусы, маршрутки, троллейбусы;450
с/о Золотая осень 2;51,7520084634915;36,0178184509277;Автобусы, маршрутки, троллейбусы;450
с/о Золотая осень 2;51,7522210025796;36,017861366272;Автобусы, маршрутки, троллейбусы;450
с/о Мир (объездная);51,7531906994776;36,1057305335999;Автобусы, маршрутки, троллейбусы;450
с/о Пруды;51,8768221464149;36,0489320755005;Автобусы, маршрутки, троллейбусы;450
с/о Пруды;51,8770208507241;36,0492324829102;Автобусы, маршрутки, троллейбусы;450
С/о Фестивальное;51,8169556497683;36,1622875928879;Автобусы, маршрутки, троллейбусы;450
Садовая улица;51,7411875740867;36,1937177181244;Автобусы, маршрутки, троллейбусы;450
Садовая улица;51,7416625785012;36,1900699138641;Автобусы, маршрутки, троллейбусы;450
Садовая улица;51,7423235903204;36,1903327703476;Автобусы, маршрутки, троллейбусы;450
Садовая улица;51,7423601283801;36,1942380666733;Автобусы, маршрутки, троллейбусы;450
Садовое общество "Ветеран";51,7450705056847;36,2773704528809;Автобусы, маршрутки, троллейбусы;450
Садовое общество "Ветеран";51,7451170058373;36,2771129608154;Автобусы, маршрутки, троллейбусы;450
Садовое общество "Курск";51,7726267373198;36,1244308948517;Автобусы, маршрутки, троллейбусы;450
Садовое общество "Курск";51,7726599314558;36,1247313022614;Автобусы, маршрутки, троллейбусы;450
Садовое общество "Фестивальное";51,8170186566399;36,1620783805847;Автобусы, маршрутки, троллейбусы;450
Садовое общество "Фестивальное";51,8171314055585;36,1624217033386;Автобусы, маршрутки, троллейбусы;450
Сады;51,7125718074756;36,1236691474915;Автобусы, маршрутки, троллейбусы;450
Сады;51,712791179724;36,1230897903442;Автобусы, маршрутки, троллейбусы;450
Санаторий «Соловушка»;51,7067780007264;36,1146622896194;Автобусы, маршрутки, троллейбусы;450
Санаторий «Соловушка»;51,7068810525378;36,1145710945129;Автобусы, маршрутки, троллейбусы;450
Светлая улица;51,779424386871;36,2070643901825;Автобусы, маршрутки, троллейбусы;450
Светлая улица;51,7794974029382;36,2066996097565;Автобусы, маршрутки, троллейбусы;450
Светлый пр-д;51,7754846629836;36,2025958299637;Автобусы, маршрутки, троллейбусы;450
Светлый пр-д;51,7756705380591;36,2025046348572;Автобусы, маршрутки, троллейбусы;450
Свинокомплекс;51,746654805347;36,0669994354248;Автобусы, маршрутки, троллейбусы;450
Свинокомплекс;51,746880654862;36,0670208930969;Автобусы, маршрутки, троллейбусы;450
Северная автостанция;51,7580654355662;36,1894637346268;Автобусы, маршрутки, троллейбусы;450
Северное кладбище;51,7968851370843;36,1589670181274;Автобусы, маршрутки, троллейбусы;450
Северное кладбище;51,7971770876077;36,1589133739471;Автобусы, маршрутки, троллейбусы;450
Северный рынок;51,7505206618694;36,1900913715363;Автобусы, маршрутки, троллейбусы;450
Северный рынок;51,7505472301853;36,1903166770935;Автобусы, маршрутки, троллейбусы;450
Сейм река;51,682221710231;36,1501157283783;Автобусы, маршрутки, троллейбусы;450
Сейм река;51,6823614045326;36,1493861675262;Автобусы, маршрутки, троллейбусы;450
Сеймский рынок;51,6751665875385;36,1475622653961;Автобусы, маршрутки, троллейбусы;450
Сельскохозяйственный рынок;51,7089885768003;36,1819589138031;Автобусы, маршрутки, троллейбусы;450
Сельскохозяйственный рынок;51,7299022595821;36,1431473493576;Автобусы, маршрутки, троллейбусы;450
Сельскохозяйственный рынок;51,7301348379219;36,1433190107346;Автобусы, маршрутки, троллейбусы;450
Сергеев проезд;51,7447450032763;36,1285132169724;Автобусы, маршрутки, троллейбусы;450
Сергеев проезд;51,7449509336439;36,1285346746445;Автобусы, маршрутки, троллейбусы;450
Серегина улица;51,6685096154587;36,1349022388458;Автобусы, маршрутки, троллейбусы;450
Силикатный завод;51,6506463985156;36,0888004302979;Автобусы, маршрутки, троллейбусы;450
СК "Арена";51,7455355050569;36,1313992738724;Автобусы, маршрутки, троллейбусы;450
СК "Арена";51,7461101048124;36,1319088935852;Автобусы, маршрутки, троллейбусы;450
Склады;51,8298635858745;36,1578941345215;Автобусы, маршрутки, троллейбусы;450
Скорятина улица;51,7436522280382;36,1567568778992;Автобусы, маршрутки, троллейбусы;450
Скорятина улица;51,7436954081085;36,1580443382263;Автобусы, маршрутки, троллейбусы;450
Смородиновая;51,7888159382651;36,2001764774323;Автобусы, маршрутки, троллейбусы;450
Смородиновая;51,7893468509765;36,2002730369568;Автобусы, маршрутки, троллейбусы;450
СНТ "Ветерок";51,733513733951;36,0925340652466;Автобусы, маршрутки, троллейбусы;450
СНТ "Ветерок";51,7338193836698;36,0923409461975;Автобусы, маршрутки, троллейбусы;450
СНТ "Звездочка";51,7298590663301;36,3731575012207;Автобусы, маршрутки, троллейбусы;450
СНТ "Мир";51,7524733914477;36,1048936843872;Автобусы, маршрутки, троллейбусы;450
СНТ Золотая осень 1;51,7483685763828;36,0384178161621;Автобусы, маршрутки, троллейбусы;450
СНТ Золотая осень 1;51,7485944173295;36,0386323928833;Автобусы, маршрутки, троллейбусы;450
Соловьина роща;51,69360870727;36,157448887825;Автобусы, маршрутки, троллейбусы;450
Соловьина роща;51,6938414723094;36,1567997932434;Автобусы, маршрутки, троллейбусы;450
Соловьиная роща;51,69360870727;36,157448887825;Автобусы, маршрутки, троллейбусы;450
Соловьиная улица;51,7324838120722;36,2407851219177;Автобусы, маршрутки, троллейбусы;450
Соловьиная улица;51,7329821642991;36,2390899658203;Автобусы, маршрутки, троллейбусы;450
Солянка Парк;51,6886538532134;36,1542892456055;Автобусы, маршрутки, троллейбусы;450
Сонина улица;51,7244629077417;36,1908316612244;Автобусы, маршрутки, троллейбусы;450
Сонина улица;51,7244728766088;36,1903917789459;Автобусы, маршрутки, троллейбусы;450
Сосновый бор;51,7057241993742;36,0641670227051;Автобусы, маршрутки, троллейбусы;450
Сосновый бор;51,7059502534673;36,0642313957214;Автобусы, маршрутки, троллейбусы;450
Союзная улица;51,747239354712;36,234884262085;Автобусы, маршрутки, троллейбусы;450
Союзная улица;51,7474917714176;36,2345516681671;Автобусы, маршрутки, троллейбусы;450
Союзная улица;51,7475914092025;36,235249042511;Автобусы, маршрутки, троллейбусы;450
Союзная улица;51,7478371814658;36,235426068306;Автобусы, маршрутки, троллейбусы;450
Станционная улица;51,75020184086;36,2354850769043;Автобусы, маршрутки, троллейбусы;450
Станционная улица;51,7502151251136;36,2351953983307;Автобусы, маршрутки, троллейбусы;450
Студенческая;51,7373906809995;36,1360824108124;Автобусы, маршрутки, троллейбусы;450
Студенческая;51,737872369271;36,137638092041;Автобусы, маршрутки, троллейбусы;450
Студенческая улица;51,7366598338169;36,137278676033;Автобусы, маршрутки, троллейбусы;450
Студенческая улица;51,7374239010451;36,1360394954681;Автобусы, маршрутки, троллейбусы;450
Студенческая улица;51,73815805782;36,1363559961319;Автобусы, маршрутки, троллейбусы;450
Студенческая улица;51,7384171691281;36,139805316925;Автобусы, маршрутки, троллейбусы;450
Студенческая, 3;51,7399485530571;36,1444938182831;Автобусы, маршрутки, троллейбусы;450
Студенческая, 3 ;51,7400980346082;36,1444991827011;Автобусы, маршрутки, троллейбусы;450
Сударушка с/о ;51,6991481904199;35,9597969055176;Автобусы, маршрутки, троллейбусы;450
Сумская;51,7044808816714;36,1634731292725;Автобусы, маршрутки, троллейбусы;450
Сумская;51,7048199717062;36,1644923686981;Автобусы, маршрутки, троллейбусы;450
Суперцентр "Европа";51,7416094314023;36,1351275444031;Автобусы, маршрутки, троллейбусы;450
СЧПУ;51,7562922613961;36,1230146884918;Автобусы, маршрутки, троллейбусы;450
СЧПУ;51,7568301979961;36,1216306686401;Автобусы, маршрутки, троллейбусы;450
Тамчишина улица;51,7778312796297;36,2034004926682;Автобусы, маршрутки, троллейбусы;450
Тамчишина улица;51,7783025797139;36,2039422988892;Автобусы, маршрутки, троллейбусы;450
Театральная улица;51,7542699609264;36,2221920490265;Автобусы, маршрутки, троллейбусы;450
Техникум;51,756166077809;36,1461567878723;Автобусы, маршрутки, троллейбусы;450
Техникум;51,7562789789299;36,1448907852173;Автобусы, маршрутки, троллейбусы;450
Типография;51,7055879015075;36,1631995439529;Автобусы, маршрутки, троллейбусы;450
Типография;51,7060300369952;36,1623680591583;Автобусы, маршрутки, троллейбусы;450
Торговый центр;51,7357994122122;36,1335396766663;Автобусы, маршрутки, троллейбусы;450
Торговый центр;51,7362113535573;36,1347413063049;Автобусы, маршрутки, троллейбусы;450
Торговый центр "Метро";51,7911850879609;36,1869156360626;Автобусы, маршрутки, троллейбусы;450
Торговый центр "СтройГигант";51,7274866966399;36,1220705509186;Автобусы, маршрутки, троллейбусы;450
Триумфальная арка;51,7881854713037;36,1694920063019;Автобусы, маршрутки, троллейбусы;450
ТРК "МегаГриНН";51,7615816929925;36,1860090494156;Автобусы, маршрутки, троллейбусы;450
ТРК "МегаГриНН";51,7617178220989;36,1855155229568;Автобусы, маршрутки, троллейбусы;450
Троллейбусное депо;51,7638725915772;36,1750334501266;Автобусы, маршрутки, троллейбусы;450
Троллейбусное депо;51,7641083151253;36,1753982305527;Автобусы, маршрутки, троллейбусы;450
Тропинка;51,7832575706637;36,1737567186356;Автобусы, маршрутки, троллейбусы;450
Тропинка;51,7833869971598;36,1722815036774;Автобусы, маршрутки, троллейбусы;450
Трубная улица;51,6567568902534;36,0884571075439;Автобусы, маршрутки, троллейбусы;450
Трубная улица;51,6568766955822;36,0885965824127;Автобусы, маршрутки, троллейбусы;450
ТЦ Европа;51,7510055311742;36,1921566724777;Автобусы, маршрутки, троллейбусы;450
ТЦ Европа №15;51,7336964595749;36,1402451992035;Автобусы, маршрутки, троллейбусы;450
ТЦ Европа №15;51,7338359950083;36,1397141218185;Автобусы, маршрутки, троллейбусы;450
ТЭЦ;51,6666331107501;36,1132889986038;Автобусы, маршрутки, троллейбусы;450
ТЭЦ;51,6667728531411;36,1140990257263;Автобусы, маршрутки, троллейбусы;450
ул. Магистральная;51,6501970651388;36,1305785179138;Автобусы, маршрутки, троллейбусы;450
ул. Студенческая;51,7375999668793;36,1375308036804;Автобусы, маршрутки, троллейбусы;450
ул.Диасамидзе;51,7819632852806;36,1644548177719;Автобусы, маршрутки, троллейбусы;450
улица Черняховского;51,6752198127579;36,1453467607498;Автобусы, маршрутки, троллейбусы;450
Универсальная база;51,7431407071425;36,2337899208069;Автобусы, маршрутки, троллейбусы;450
Универсальная база;51,743326715411;36,2349379062653;Автобусы, маршрутки, троллейбусы;450
Универсальная база;51,7433300369803;36,2369710206985;Автобусы, маршрутки, троллейбусы;450
Управление механизации;51,6513653226542;36,1591386795044;Автобусы, маршрутки, троллейбусы;450
Управление механизации;51,6514651723272;36,1602115631104;Автобусы, маршрутки, троллейбусы;450
Усадебная улица;51,7452664702893;36,272177696228;Автобусы, маршрутки, троллейбусы;450
Усадебная улица;51,7455255408348;36,2711155414581;Автобусы, маршрутки, троллейбусы;450
Учхоз СХА;51,7779839548439;36,1501961946487;Автобусы, маршрутки, троллейбусы;450
Учхоз СХА;51,7783025797139;36,1499762535095;Автобусы, маршрутки, троллейбусы;450
Фестивальная улица;51,7870041515883;36,2043821811676;Автобусы, маршрутки, троллейбусы;450
Фестивальная улица;51,7871368856834;36,2045860290527;Автобусы, маршрутки, троллейбусы;450
Филиал "Детская поликлиника №7";51,7170620789003;36,1342746019363;Автобусы, маршрутки, троллейбусы;450
Филиал "Детская поликлиника №7";51,7182618464885;36,1348164081573;Автобусы, маршрутки, троллейбусы;450
Хрущева проспект;51,7326133841798;36,141591668129;Автобусы, маршрутки, троллейбусы;450
Центральная гостиница;51,7319190062389;36,1927092075348;Автобусы, маршрутки, троллейбусы;450
Центральная улица;51,7139544996224;36,0840153694153;Автобусы, маршрутки, троллейбусы;450
Центральная улица;51,7139744419883;36,0842943191528;Автобусы, маршрутки, троллейбусы;450
Центральная Усадьба;51,7760323284214;36,2823915481567;Автобусы, маршрутки, троллейбусы;450
Центральный рынок;51,7272241999063;36,1859285831451;Автобусы, маршрутки, троллейбусы;450
Центральный рынок;51,7274268873917;36,1853867769241;Автобусы, маршрутки, троллейбусы;450
Цюрупы улица;51,752480033241;36,2361073493958;Автобусы, маршрутки, троллейбусы;450
Цюрупы улица;51,7546784131471;36,2414717674255;Автобусы, маршрутки, троллейбусы;450
Цюрупы улица;51,7549606747183;36,240661740303;Автобусы, маршрутки, троллейбусы;450
Чайковского улица;51,737433867054;36,23182117939;Автобусы, маршрутки, троллейбусы;450
Чайковского улица;51,7381049065988;36,2313115596771;Автобусы, маршрутки, троллейбусы;450
Чайковского улица;51,738951996745;36,2303620576859;Автобусы, маршрутки, троллейбусы;450
Чайковского улица;51,7391380222584;36,230919957161;Автобусы, маршрутки, троллейбусы;450
Чапаева переулок;51,7628334012626;36,2487888336182;Автобусы, маршрутки, троллейбусы;450
Чапаева переулок;51,7631986146423;36,2493145465851;Автобусы, маршрутки, троллейбусы;450
Чапаева улица;51,7585834283622;36,2585520744324;Автобусы, маршрутки, троллейбусы;450
Черняховского улица;51,6753395692726;36,1457115411758;Автобусы, маршрутки, троллейбусы;450
Черняховского улица;51,675931694053;36,1453199386597;Автобусы, маршрутки, троллейбусы;450
Чистая улица;51,7188434398196;36,1966896057129;Автобусы, маршрутки, троллейбусы;450
Чистая улица;51,7192522123701;36,1961853504181;Автобусы, маршрутки, троллейбусы;450
Чумаковская улица;51,7212594646022;36,1768037080765;Автобусы, маршрутки, троллейбусы;450
Чумаковская улица;51,7215253191423;36,1778122186661;Автобусы, маршрутки, троллейбусы;450
Широкая улица;51,7476910467677;36,0835111141205;Автобусы, маршрутки, троллейбусы;450
Широкая улица;51,747850466415;36,0838007926941;Автобусы, маршрутки, троллейбусы;450
Школа;51,7152773241766;36,0904848575592;Автобусы, маршрутки, троллейбусы;450
Школа;51,7154435054301;36,0898518562317;Автобусы, маршрутки, троллейбусы;450
Школа;51,8024882665442;36,139070391655;Автобусы, маршрутки, троллейбусы;450
Школа №12;51,7152607060176;36,1987173557281;Автобусы, маршрутки, троллейбусы;450
Школа №14;51,757394692476;36,1543053388596;Автобусы, маршрутки, троллейбусы;450
Школа №14;51,7577400267964;36,1548793315887;Автобусы, маршрутки, троллейбусы;450
Школа №15;51,7429679844932;36,2389504909515;Автобусы, маршрутки, троллейбусы;450
Школа №15;51,7430676322561;36,2398302555084;Автобусы, маршрутки, троллейбусы;450
Школа №28;51,6669991018126;36,1025762557983;Автобусы, маршрутки, троллейбусы;450
Школа №28;51,6671954048915;36,1020827293396;Автобусы, маршрутки, троллейбусы;450
Школа №29;51,6717733507066;36,1540424823761;Автобусы, маршрутки, троллейбусы;450
Школа №41;51,6492750856721;36,1399340629578;Автобусы, маршрутки, троллейбусы;450
Школа №41;51,6495347063357;36,1393868923187;Автобусы, маршрутки, троллейбусы;450
Школа №45;51,6717068141099;36,0712909698486;Автобусы, маршрутки, троллейбусы;450
Школа №45;51,6722291237663;36,0710710287094;Автобусы, маршрутки, троллейбусы;450
Школа №46;51,704959596276;36,1371874809265;Автобусы, маршрутки, троллейбусы;450
Школа №47;51,6687358554565;36,0623645782471;Автобусы, маршрутки, троллейбусы;450
Школа №54;51,7388822369801;36,1269414424896;Автобусы, маршрутки, троллейбусы;450
Школа №54;51,7392144253724;36,1285185813904;Автобусы, маршрутки, троллейбусы;450
Школа №55;51,7339157293483;36,1317479610443;Автобусы, маршрутки, троллейбусы;450
Школа №9;51,75009556669;36,1597073078156;Автобусы, маршрутки, троллейбусы;450
Школа картинга;51,7053252776309;36,1723029613495;Автобусы, маршрутки, троллейбусы;450
Школа картинга;51,7056776586854;36,1723083257675;Автобусы, маршрутки, троллейбусы;450
Школа№8;51,7460303919882;36,2524151802063;Автобусы, маршрутки, троллейбусы;450
Школа№8;51,7463293143539;36,2519216537476;Автобусы, маршрутки, троллейбусы;450
Школа-интернат;51,6998862936409;36,1106550693512;Автобусы, маршрутки, троллейбусы;450
Школа-интернат;51,6998862936409;36,1108535528183;Автобусы, маршрутки, троллейбусы;450
Школа-интернат №4;51,7595397071435;36,2395620346069;Автобусы, маршрутки, троллейбусы;450
Школа-интернат №4;51,759572910904;36,2390685081482;Автобусы, маршрутки, троллейбусы;450
Школьная улица;51,7627570380915;36,1820930242538;Автобусы, маршрутки, троллейбусы;450
Экспедиционная;51,6355197216752;36,1199033260345;Автобусы, маршрутки, троллейбусы;450
Экспедиционная;51,6357194906031;36,120353937149;Автобусы, маршрутки, троллейбусы;450
Электроагрегат ОАО;51,7380251796498;36,2507092952728;Автобусы, маршрутки, троллейбусы;450
Электросети;51,6982571308517;36,1476373672485;Автобусы, маршрутки, троллейбусы;450
Энергетиков улица;51,6667728531411;36,1337757110596;Автобусы, маршрутки, троллейбусы;450
Юго западный государственный университет;51,7392476440773;36,1496812105179;Автобусы, маршрутки, троллейбусы;450
Юго западный государственный университет;51,7392609315524;36,1500459909439;Автобусы, маршрутки, троллейбусы;450
Юго-Западный микрорайон;51,7203256381415;36,1343228816986;Автобусы, маршрутки, троллейбусы;450
Юго-Западный микрорайон;51,7211797079353;36,1352562904358;Автобусы, маршрутки, троллейбусы;450
Южное кладбище;51,610634952853;36,1059236526489;Автобусы, маршрутки, троллейбусы;450
Южное кладбище;51,6128069188954;36,1072111129761;Автобусы, маршрутки, троллейбусы;450
Счетмаш завод;51,7400382420471;36,2455326318741;Трамвай;450
Счетмаш завод;51,7402807336103;36,2453985214233;Трамвай;450
Электроагрегат завод;51,73833744273;36,2493628263474;Трамвай;450
Электроагрегат завод;51,7384005594734;36,2495452165604;Трамвай;450
1-я Пушкарная улица;51,7528420094972;36,1827689409256;Трамвай;450
1-я Пушкарная улица;51,752948277205;36,1836272478104;Трамвай;450
2-й Воротний переулок;51,7329954536166;36,1511886119843;Трамвай;450
2-й Воротний переулок;51,7331050903368;36,1513066291809;Трамвай;450
3-я Пушкарная улица;51,7503944621556;36,1744755506516;Трамвай;450
3-я Пушкарная улица;51,7504243515934;36,174738407135;Трамвай;450
4-й Суворовский переулок;51,7261442922468;36,1554801464081;Трамвай;450
4-й Суворовский переулок;51,7266061636031;36,1555981636047;Трамвай;450
Автовокзал;51,7486807679814;36,1406850814819;Трамвай;450
Ассоль кинотеатр;51,7000791294357;36,140513420105;Трамвай;450
Ассоль кинотеатр;51,7001589233173;36,1404758691788;Трамвай;450
Блинова улица;51,7505937247005;36,1987173557281;Трамвай;450
Блинова улица;51,7512844947168;36,1999189853668;Трамвай;450
Бойцов 9-й Дивизии улица;51,7308225982963;36,1527121067047;Трамвай;450
Бойцов 9-й Дивизии улица;51,7311349111465;36,1523526906967;Трамвай;450
Большевиков улица;51,7311016864778;36,1808484792709;Трамвай;450
Большевиков улица;51,73132096884;36,1804246902466;Трамвай;450
В.Луговая улица;51,7451302915864;36,1679202318192;Трамвай;450
Восточное депо;51,7381647017183;36,2525278329849;Трамвай;450
Восточное депо;51,738247750364;36,2527102231979;Трамвай;450
Горгаз;51,7350486062307;36,1515265703201;Трамвай;450
Горгаз;51,7351416271178;36,1509793996811;Трамвай;450
Городская больница;51,7216914774361;36,1590367555618;Трамвай;450
Городская больница;51,7217446479612;36,1584466695786;Трамвай;450
Дейнеки улица;51,7093342811852;36,1469560861588;Трамвай;450
Дейнеки улица;51,7093708459176;36,1471277475357;Трамвай;450
Дзержинского площадь;51,7192754757375;36,1635321378708;Трамвай;450
Дзержинского площадь;51,7201727679159;36,162850856781;Трамвай;450
Добролюбова улица;51,7216449531754;36,1887663602829;Трамвай;450
Добролюбова улица;51,7217047700733;36,18931889534;Трамвай;450
Железнодорожная больница;51,7566741306301;36,2184154987335;Трамвай;450
Железнодорожная больница;51,7567571452537;36,2187319993973;Трамвай;450
Железнодорожный вокзал;51,751785960562;36,227679848671;Трамвай;450
Завод "Прибор";51,7424963154333;36,1466503143311;Трамвай;450
Завод "Прибор";51,7426291804554;36,1463123559952;Трамвай;450
Заводская улица;51,7077320520716;36,1557269096375;Трамвай;450
Заводская улица;51,707771942282;36,154927611351;Трамвай;450
ЗАО "КПК";51,7317728200499;36,2625968456268;Трамвай;450
Запольная улица;51,7456583969485;36,1679792404175;Трамвай;450
Заречная улица;51,742399988048;36,1704254150391;Трамвай;450
Заречная улица;51,7426225372136;36,1704683303833;Трамвай;450
Звездный КТЦ;51,736859156948;36,1753875017166;Трамвай;450
Звездный КТЦ;51,7370352249825;36,1755859851837;Трамвай;450
Ильича улица;51,7584107647571;36,2374001741409;Трамвай;450
Ильича улица;51,7585336216208;36,2374484539032;Трамвай;450
Интернациональная улица;51,7540375067937;36,2133622169495;Трамвай;450
Интернациональная улица;51,7543529799696;36,2137430906296;Трамвай;450
Каширцева улица;51,7503479674353;36,2449479103088;Трамвай;450
Каширцева улица;51,7506601453534;36,2445509433746;Трамвай;450
Кинотеатр "Родина";51,6679573189534;36,0821807384491;Трамвай;450
Кинотеатр "Родина";51,6680238610578;36,0824006795883;Трамвай;450
Кировские мост;51,7553359138401;36,2044841051102;Трамвай;450
Кировские мост;51,7553890447912;36,2049078941345;Трамвай;450
Кожзавод;51,707193530789;36,1776351928711;Трамвай;450
Кожзавод;51,7072766363436;36,1775761842728;Трамвай;450
Коллективная улица;51,7372976647418;36,2630152702332;Трамвай;450
Коллективная улица;51,7376165768282;36,2625378370285;Трамвай;450
Комарова площадь;51,7024562618115;36,1426055431366;Трамвай;450
Комарова площадь;51,7024762092471;36,1424285173416;Трамвай;450
Красной армии улица;51,7246888681898;36,1867171525955;Трамвай;450
Красной армии улица;51,7249214733539;36,186261177063;Трамвай;450
Кутузова улица;51,7123657295458;36,1866581439972;Трамвай;450
Кутузова улица;51,7126316363762;36,1865347623825;Трамвай;450
Лесная улица;51,6677809819041;36,0912305116653;Трамвай;450
Лесная улица;51,6678408700355;36,091702580452;Трамвай;450
Льговский поворот;51,6624672586769;36,136012673378;Трамвай;450
Льговский поворот;51,6625770664021;36,1359858512878;Трамвай;450
Малышева улица;51,7001788717657;36,1388611793518;Трамвай;450
Маяковского улица;51,7565114215252;36,2229162454605;Трамвай;450
Маяковского улица;51,756541306915;36,2230557203293;Трамвай;450
Мичурина улица;51,7397824618647;36,1730539798737;Трамвай;450
Мичурина улица;51,7401611488924;36,1724531650543;Трамвай;450
Молодежная улица;51,734922363292;36,2625861167908;Трамвай;450
Молодежная улица;51,7349589073369;36,2625002861023;Трамвай;450
Московская площадь;51,7515734194266;36,1897963285446;Трамвай;450
Мосты;51,7541437716885;36,2295788526535;Трамвай;450
Мосты;51,7543264138924;36,2294661998749;Трамвай;450
Налоговая инспекция;51,7001356501164;36,1613005399704;Трамвай;450
Налоговая инспекция;51,7006709307094;36,1615258455276;Трамвай;450
Народная улица;51,6675314471708;36,1404061317444;Трамвай;450
Народная улица;51,6679007580878;36,1404490470886;Трамвай;450
Октябрьская улица;51,7558008075428;36,223720908165;Трамвай;450
Октябрьская улица;51,7558705411855;36,2237691879272;Трамвай;450
Ольховская улица;51,6663802424708;36,1093997955322;Трамвай;450
Ольховская улица;51,666440132454;36,1093837022781;Трамвай;450
Ольшанского улица;51,705936956199;36,1448800563812;Трамвай;450
Ольшанского улица;51,7060300369952;36,1448049545288;Трамвай;450
Первомайская улица;51,7609608062533;36,2252497673035;Трамвай;450
Первомайская улица;51,7610836561787;36,2251800298691;Трамвай;450
Переезд;51,6674249785996;36,0987997055054;Трамвай;450
Переезд;51,667578027092;36,0977804660797;Трамвай;450
Перекальского площадь;51,7489298554752;36,1937230825424;Трамвай;450
Пионеров улица;51,7153138841047;36,1659729480743;Трамвай;450
Пионеров улица;51,7153172077331;36,1658334732056;Трамвай;450
Пирогова улица;51,7226917374625;36,154203414917;Трамвай;450
Пирогова улица;51,7227748145425;36,1541658639908;Трамвай;450
Планерная;51,747272567517;36,1419188976288;Трамвай;450
Планерная;51,7472858526322;36,1420476436615;Трамвай;450
Проспект Дружбы;51,7442833172666;36,1446762084961;Трамвай;450
Проспект Дружбы;51,744791503764;36,1439895629883;Трамвай;450
Протезно-ортопедическое предприятие;51,7520018216289;36,1798453330994;Трамвай;450
Протезно-ортопедическое предприятие;51,752074882064;36,1798077821732;Трамвай;450
Река "Сейм";51,6818325595467;36,1494988203049;Трамвай;450
Река "Сейм";51,6818392117233;36,149337887764;Трамвай;450
Республиканская улица;51,7422505141124;36,2459939718246;Трамвай;450
Республиканская улица;51,7425727128687;36,2459617853165;Трамвай;450
Рокосовского площадь;51,6714406667456;36,1429166793823;Трамвай;450
Рокосовского площадь;51,6718132726177;36,1429917812347;Трамвай;450
РТИ;51,6618915956417;36,1242860555649;Трамвай;450
РТИ;51,66192154361;36,1244577169418;Трамвай;450
Сады;51,7382909355995;36,258670091629;Трамвай;450
Сады;51,7383474085375;36,2587773799896;Трамвай;450
Сельскохозяйственный рынок;51,7088522887686;36,1813741922379;Трамвай;450
Сельскохозяйственный рынок;51,7089054743908;36,1812776327133;Трамвай;450
Соловьиная роща;51,6938048950254;36,1572182178497;Трамвай;450
Соловьиная роща;51,6938813747674;36,1571377515793;Трамвай;450
Союзная улица;51,745927429382;36,2470293045044;Трамвай;450
Союзная улица;51,7470898967873;36,2469381093979;Трамвай;450
Станкостроительный завод;51,7173778102992;36,1877685785294;Трамвай;450
Станкостроительный завод;51,7178165071097;36,1878651380539;Трамвай;450
Суворовская улица;51,724476199564;36,151676774025;Трамвай;450
Суворовская улица;51,7249148275087;36,1517840623856;Трамвай;450
Суворовская улица;51,7343741990734;36,1778980493546;Трамвай;450
Суворовская улица;51,73459678777;36,177436709404;Трамвай;450
Сумская улица;51,7049296767616;36,1643797159195;Трамвай;450
Сумская улица;51,704942974326;36,1642670631409;Трамвай;450
Типография;51,7060366856162;36,1616009473801;Трамвай;450
Типография;51,7061197932959;36,1619389057159;Трамвай;450
ТЦ "Западный";51,7456118973531;36,143045425415;Трамвай;450
ТЦ "Западный";51,7457082178904;36,1431580781937;Трамвай;450
ТЭЦ;51,6665432761283;36,1133694648743;Трамвай;450
ТЭЦ;51,6666464195679;36,1138844490051;Трамвай;450
Фрунзе улица;51,7606420589422;36,2292945384979;Трамвай;450
Фрунзе улица;51,7606586604202;36,228940486908;Трамвай;450
Химволокно;51,6577020125747;36,0830819606781;Трамвай;450
Хлебозавод;51,7515435307492;36,1879348754883;Трамвай;450
Хлебозавод;51,7517095787066;36,1871141195297;Трамвай;450
Центральный рынок;51,7274634374972;36,1839544773102;Трамвай;450
Центральный рынок;51,7275066330384;36,1840671300888;Трамвай;450
Цюрупы улица;51,7546153191429;36,2413001060486;Трамвай;450
Цюрупы улица;51,7550636167346;36,2408173084259;Трамвай;450
Черняховского улица;51,6752264659059;36,1453521251678;Трамвай;450
Черняховского улица;51,6757187961469;36,1455130577087;Трамвай;450
Школа №28;51,6669625028394;36,1026728153229;Трамвай;450
Школа №28;51,6669691572004;36,1022222042084;Трамвай;450
Школа картинга;51,7057308480401;36,173107624054;Трамвай;450
Школа картинга;51,7059402805164;36,1732095479965;Трамвай;450
Энгельса улица;51,7049828669957;36,1663645505905;Трамвай;450
Энгельса улица;51,7050792741357;36,1663162708282;Трамвай;450
Юго-Западный государственный университет;51,7395532550166;36,1489140987396;Трамвай;450
Юго-Западный государственный университет;51,7395665424019;36,1487638950348;Трамвай;450
Юность к-т;51,7497003574267;36,1933368444443;Трамвай;450
